"ID","Description","setSize","enrichmentScore","NES","pvalue","p.adjust","qvalue","rank","leading_edge","core_enrichment"
"hsa03010","Ribosome",171,-0.750829584084502,-3.97097981764017,1.75693014651102e-56,6.20196341718389e-54,2.47819620665764e-54,3967,"tags=84%, list=18%, signal=69%","6232/26589/65008/64981/6231/84311/55168/92259/6134/64978/6133/6125/65080/51263/6192/63875/6135/4736/116541/6154/6189/84545/6122/122704/6138/6203/28973/6230/6164/6191/51069/60488/51023/28977/29074/63931/6229/9349/2197/6171/6208/6142/128308/6223/6181/6173/10573/6166/6205/51264/6233/51258/6193/7311/90480/6136/6207/6202/6235/6150/200916/6217/6129/64976/6170/23521/6194/54460/6155/6157/6234/6161/6165/6210/6188/6141/219927/64965/54998/6227/10399/11224/6158/3921/6160/51373/25873/9045/64963/6147/6169/6124/51073/6159/6139/6152/6143/6222/11222/6175/64432/6132/54534/6176/6209/65005/6156/6167/6168/6182/6201/55052/6187/6128/28998/118487/64969/51021/29088/64975/64979/51642/6183/51116/6130/28957/54948/29093/7818/64960/51253/51081/65993/78988/6204/51650/51121/3396/57129/6218/64928/64949/79590"
"hsa04820","Cytoskeleton in muscle cells",231,0.642356029240796,2.44893133552039,1.37311608014062e-26,2.42354988144819e-24,9.68408182836014e-25,4268,"tags=54%, list=20%, signal=44%","171024/4629/7414/25802/2318/3680/23500/8082/2273/3690/1288/7168/11155/3672/477/1293/1286/287/2192/4811/6443/7094/23345/72/2200/3679/1634/482/1465/1756/8516/56776/1674/2274/7111/10398/22795/1291/1284/3908/70/9672/3678/8910/91977/6442/1837/3696/9260/7169/1292/161176/1285/79188/3673/1289/6445/1282/85301/27295/1278/2199/3691/3339/8736/7791/91010/9124/1158/3688/2335/1281/2006/7431/2201/3675/3676/481/4624/60/3694/7057/8572/6711/3695/2026/1287/29767/6641/1462/2275/23224/4627/51778/7058/6709/7171/137868/1297/6383/6444/4634/58/5318/58529/1290/9172/22801/270/88/4606/6645/50509/830/343263/84033/7140/3685/480/1277/127294/27063/10529/84676/118461"
"hsa04517","IgSF CAM signaling",297,0.598107749065933,2.30661451771023,1.28302212975316e-25,1.50968937267621e-23,6.03245492585695e-24,3497,"tags=41%, list=16%, signal=35%","4638/10580/5579/4629/7414/1272/79827/5063/55243/83700/87/3690/145581/4478/54413/4684/3737/287/2260/7225/8828/58494/2037/23114/5376/8506/3635/10398/4916/6091/2308/5336/3678/84617/9423/23136/84189/5293/5295/57144/342035/6586/23085/219699/9353/3937/5578/3684/22865/3791/5588/2036/7846/5906/6092/3688/8633/3897/1630/10225/8826/7409/57863/962/2534/5908/10666/3683/92154/51744/26050/22829/10451/8777/120425/4063/3676/84631/114836/4359/9863/60/5362/3385/3689/6711/1000/6504/8832/942/5375/914/6900/84552/117178/3384/57555/54538/81/91584/56253/22871/3742/1432/80852/940/5803/4627/7277/57823/7189/6709/57689/201633/84623/3383/10000/340156/5290/30835/5781"
"hsa03040","Spliceosome",154,-0.605024352176919,-3.15414416778173,2.04429036181403e-25,1.80408624430088e-23,7.20881338113369e-24,5353,"tags=58%, list=25%, signal=44%","27238/57461/101954272/10286/22985/22938/7919/3312/199746/10929/101954278/7536/6426/1655/84991/10713/55702/642659/3192/8175/9410/10262/6428/84321/9939/124904621/51634/24148/6432/83443/4670/3190/51645/9092/84844/220988/6430/9129/11017/55110/57819/151903/9984/6100/10450/4809/29896/80145/9128/6629/51691/10992/9775/4116/26121/8683/27316/3178/79228/22916/8896/10189/56949/11338/6626/23658/10084/2521/6633/51503/6628/51639/10907/6632/22827/6631/10465/27258/6625/51690/3183/6431/6637/27339/6636/25804/6635/6427/6627"
"hsa04510","Focal adhesion",200,0.65119570091133,2.46270637550222,3.3517526111609e-25,2.36633734347959e-23,9.45547052411706e-24,3464,"tags=46%, list=16%, signal=39%","4638/56034/4660/5579/2316/7414/5063/3680/858/857/87/3690/1288/3672/1293/1286/894/55742/3910/7094/3679/5156/3371/8516/10398/1291/4659/4233/1284/3908/3082/3678/5159/7148/5293/3696/5295/1292/57144/1285/9475/3673/80310/1282/5578/1278/3691/3791/5906/53358/7791/330/3688/3912/596/2335/8395/1101/7409/2012/2534/5908/10451/3675/5880/3676/5228/60/3694/7057/3914/3695/3611/1793/1287/6654/81/1956/5728/7058/2324/1297/5923/394/3913/22801/23396/10000/340156/5290/859"
"hsa04518","Integrin signaling",150,0.69971558671706,2.59399766104593,5.77564563743148e-25,3.39800485002219e-23,1.35778336037863e-23,3443,"tags=51%, list=16%, signal=44%","56034/2316/7414/10979/3680/87/3690/1288/3672/1293/1286/341640/894/55742/3910/7094/2200/3679/5156/3371/8516/9459/1291/4233/1284/55679/3908/3082/3678/5159/7148/5293/3696/5295/1292/1285/3673/718/80310/55612/1282/3684/7412/1278/3691/3791/3688/3912/2335/1101/3683/3675/5880/3676/5228/60/3694/3385/7057/3689/158326/3914/3695/3611/1287/7040/3384/81/1956/7058/2324/1297/3913/22801/3383/10000/5290"
"hsa00190","Oxidative phosphorylation",131,-0.634614909734003,-3.23147972154876,9.76210142629922e-25,4.92288829069089e-23,1.96710013702871e-23,4065,"tags=60%, list=19%, signal=49%","498/522/527/4697/4714/10632/539/6389/514/4725/29796/9296/5464/1350/374291/155066/4711/7386/4718/4700/90423/4722/7384/4720/9167/9551/521/4708/4713/4701/54205/1351/55967/1340/7381/537/126328/4728/513/4717/518/27089/4696/1345/509/506/4723/51079/4694/4712/4695/1347/4726/6390/4731/4706/10063/9550/1329/4709/54539/517/4707/4705/1349/533/4702/10476/440567/1337/4715/516/7388/1537/9377/27068/4716/4710"
"hsa05014","Amyotrophic lateral sclerosis",357,-0.417795392643011,-2.39578472815634,9.42018400606491e-22,4.15665619267614e-20,1.66092718001671e-20,4537,"tags=43%, list=21%, signal=35%","4704/60673/56893/100101267/55706/23130/5702/515/3831/498/1769/9688/26100/1649/522/642659/5534/4697/4714/81929/8408/2876/6428/11258/5687/5694/3309/10013/10280/539/79023/5715/5690/6432/2733/8480/10540/5701/6389/514/4725/5530/23636/29796/220988/129401/1350/374291/23225/6647/2902/5717/4711/71/5714/203068/10482/7386/9973/4718/4700/1616/4722/375189/7416/7384/4720/5705/9167/5691/5685/4708/348995/4713/3178/4701/54205/1351/55967/1340/7381/126328/4728/5710/513/4717/518/7979/468/7186/10120/27089/4696/1345/79902/581/509/506/5688/6300/10213/5709/10189/4723/51079/4694/4712/4695/10383/7415/1347/4726/6390/5682/4731/4706/6396/11047/1329/5689/2521/572/4709/127602/54539/10126/9861/5686/5692/517/5706/4707/4705/5695/64837/1349/4702/5704/23435/10476/440567/1337/4715/3181/5693/5684/516/7388/1537/9377/4716/5719/10452/4710"
"hsa05016","Huntington disease",298,-0.450544749080666,-2.54281870970201,1.30100043398921e-21,5.10281281331325e-20,2.03899483221701e-20,4399,"tags=45%, list=20%, signal=37%","7417/23130/5702/515/3831/27113/498/1769/26100/522/5609/161/4697/4714/8408/2876/11258/10105/5687/5694/539/5715/5690/10540/5701/6389/514/4725/3065/29796/1350/1175/374291/6647/5433/2902/5717/4711/5714/203068/292/7386/5434/4718/5438/4700/5436/4722/7416/7384/4720/5705/9167/5691/5685/1211/5439/5441/4708/4713/4701/54205/1351/55967/1340/7381/5331/126328/5440/4728/5710/513/4717/518/7979/7186/10120/27089/4696/1345/581/509/506/5688/10213/5709/4723/51079/293/4694/4712/4695/10383/1347/4726/6390/5682/4731/4706/11047/1329/5689/4709/127602/54539/10126/9861/5435/5686/5692/517/5706/4707/4705/5695/64837/1349/4702/5704/148327/10476/440567/1337/4294/4715/5693/5684/516/7388/1537/9377/4716/5719/4710/5437"
"hsa04060","Cytokine-cytokine receptor interaction",251,0.585325857697319,2.24089228670576,3.29948233741011e-20,1.16471726510577e-18,4.65400666539953e-19,5753,"tags=63%, list=26%, signal=47%","90865/85480/7048/3953/652/1489/6376/958/1435/151449/7042/3572/1436/6387/3603/2662/60401/729230/9466/3575/7043/9180/3560/1439/1271/7133/4804/3587/2829/94/3600/3579/1524/4352/1438/56477/1234/920/146433/6366/8809/6372/3566/10663/944/8793/7046/8794/959/3606/7852/8740/1441/1230/6352/6367/1233/7040/9966/7850/653/8200/1236/355/5197/3598/3574/650/10148/6368/6363/3594/6358/10673/9173/3601/10563/57007/3570/8808/655/10803/6374/651/3553/3592/939/6846/3976/768211/1235/284340/90/2833/1232/149233/3586/659/2919/3604/6375/356/132014/7124/6364/1237/6360/943/3597/2920/6351/23495/3558/6347/64109/3577/11009/3569/3559/8600/3561/50615/3557/4982/657/23765/4050/8807/1440/9235/3576/58985/3624/27190/2921/7132/55504/392255/338376/4803/643/83729/3552/3581/6357/51554/29949/3977/3556/2826/3554/10913/8795/8797/3595/130399/115650"
"hsa05012","Parkinson disease",262,-0.449437432194363,-2.50406820795797,1.53049335268037e-19,4.91149230451066e-18,1.96254650008775e-18,3526,"tags=45%, list=16%, signal=39%","5687/5694/4128/55334/3309/539/5715/5690/5701/6389/514/4725/10131/29796/55630/1350/374291/7314/6647/5717/4711/5714/203068/292/7386/4718/4700/283375/25828/1616/7317/816/4722/7416/7384/4720/6233/5705/9167/5691/5685/7311/4708/7922/4713/4701/27429/54205/1351/55967/1340/7381/126328/4728/5710/513/4717/518/27173/7979/468/27089/4696/1345/581/509/506/5688/29985/10213/5709/9817/4723/51079/293/11315/4694/4712/4695/10383/1347/4726/6390/5682/4731/4706/11047/1329/5413/5689/4709/54539/9861/5686/5692/517/5706/4707/4705/5695/64837/1349/4702/5704/10476/440567/1337/4715/5693/5684/516/7388/1537/9377/7295/4716/118424/5719/4710"
"hsa04020","Calcium signaling pathway",239,0.589622557099445,2.25161227715395,2.87852705285689e-19,8.46766708048734e-18,3.38353179897213e-18,4339,"tags=45%, list=20%, signal=37%","4638/6546/493/56034/5579/148/1909/2247/3274/5350/2255/2774/2252/2260/775/814/5156/4915/1812/818/84812/57172/5137/146/4916/4233/3082/5336/22953/109/5159/552/2263/1910/5023/113026/845/5733/80310/3363/5578/9630/57118/5027/4776/4914/3708/3791/2668/6869/1816/51196/844/815/5724/2903/147/801/155/8912/624/4842/4773/7852/113/5153/6865/2246/488/115/6543/1139/3269/89832/444/196883/7039/57105/1956/5333/3356/10800/4775/6915/5260/2324/6261/5532/2254/136/340156/3358/1129/8817/23236/778/9127/6262/6547/2321/4846/2066/3709/2149/952/2185/5330/108"
"hsa04514","Cell adhesion molecule (CAM) interaction",153,0.650312654677326,2.41453086755819,6.07762735469908e-19,1.65030958169906e-17,6.59434870874232e-18,4526,"tags=62%, list=21%, signal=50%","1272/3680/83700/257194/54413/4684/58494/5010/23114/8506/8516/64115/9672/958/6403/84189/3696/3111/80380/3684/22865/5788/7412/83692/3688/3113/3897/6693/947/57863/3117/9369/10666/3683/3133/26050/9379/22829/920/925/3122/120425/3676/1001/84631/933/64101/4359/959/6402/3385/3689/6404/9378/1000/3695/3115/29126/1003/942/914/6900/5175/3384/57555/6401/1462/3123/22871/79679/10686/940/57689/6383/2734/152404/3119/201633/9071/3383/149461/3127/9076/923/57502/3685/90952/139065/3112/29851/3134/3120/3108/51208/3105"
"hsa04151","PI3K-Akt signaling pathway",325,0.529131939664526,2.04773171317389,1.45742024989641e-16,3.67478105866739e-15,1.46837829688812e-15,4382,"tags=42%, list=20%, signal=34%","284/56034/2247/3680/2255/3690/1288/3672/1293/1286/54331/2252/894/2260/3910/3679/1902/5156/4915/3371/8516/1946/1291/4233/1284/3908/3082/7099/3678/1435/55970/627/3815/5159/7148/5293/3696/5295/2263/3716/5521/1292/1436/1285/3673/80310/5294/7097/7010/1282/3717/5578/4914/1278/3691/3791/2668/3575/9180/57121/3560/1969/4804/2322/3688/3912/4908/596/2335/1101/3667/4254/3675/146850/3566/3676/5228/3718/9863/2791/3694/7057/1441/2246/3914/3695/1287/9586/10681/3574/6654/7039/2846/1956/5728/3570/5516/7058/2324/1297/3913/2793/22801/2254/10000/5290/1021/1129/4790/8817/4909/356/59345/930/2069/2784/2321/3558/4846/5523/4902/3685/1277/3569/57521/3559/2066/8115/2149/3561/23533/3481/51378/7450/6655"
"hsa05205","Proteoglycans in cancer",198,0.586417894022317,2.2159030372697,8.95814609875438e-16,2.10815038190687e-14,8.42380054198658e-15,4394,"tags=45%, list=20%, signal=37%","4660/5579/2316/8324/2247/858/857/3690/7078/4478/287/2260/1634/4313/22808/117581/818/4659/4233/3082/5336/7099/3678/7042/5293/4060/5295/9475/3673/7097/5578/3708/8321/1278/3791/2099/51196/3236/3339/2535/11211/7482/3688/815/51384/8826/2335/7409/7074/60495/10451/3059/960/60/7057/7472/5328/7040/2719/2549/355/6654/1956/1432/867/10855/6774/6383/7475/7976/80326/89780/10000/5290/6237/859/5781/356/7124/1839/7484/1499/3685/6093/1277/2066/3709/3481/6655/5329"
"hsa05414","Dilated cardiomyopathy",101,0.688681375764157,2.46066968572647,1.00987969005992e-15,2.2280470661947e-14,8.90288674131772e-15,3867,"tags=58%, list=18%, signal=48%","6546/111/3680/8082/5350/3690/7168/3672/6443/775/3679/1756/8516/1674/55799/3908/70/3678/109/8910/7042/6442/1837/3696/7169/3673/6445/3691/7043/3688/3675/4842/3676/4624/60/3694/113/93589/3695/781/488/785/115/6543/7040/6641/196883/7171/137868/6444/4634/27092/22801/859/778/7124/6645/6262/6547"
"hsa05410","Hypertrophic cardiomyopathy",97,0.689115624783682,2.45128485061251,1.64639044999668e-15,3.41868134616959e-14,1.36604532693223e-14,4125,"tags=60%, list=19%, signal=49%","6546/3680/8082/3690/7168/3672/6443/775/3679/1756/8516/1674/55799/3908/70/3678/8910/7042/6442/1837/3696/7169/3673/6445/3691/7043/3688/3675/4842/3676/4624/60/3694/93589/3695/781/488/785/6543/7040/6641/7171/137868/6444/4634/27092/22801/5565/1906/859/53632/778/7124/6645/6262/6547/3685/3569"
"hsa04810","Regulation of actin cytoskeleton",219,0.564308092963012,2.14514996742706,4.16518214917614e-15,8.16838499255098e-14,3.26394390637194e-14,3449,"tags=37%, list=16%, signal=31%","4638/56034/4660/4629/7414/5063/2247/3680/87/2255/3690/3672/4478/2252/2260/730/1073/3679/1902/5156/22808/8516/9459/10398/4659/2934/3678/55970/5159/5293/3696/5295/2263/3071/57144/9475/3673/6387/80310/3684/3691/57121/3688/8826/2335/8395/7409/7074/3683/10451/3675/5880/624/3676/60/3694/7852/3689/5305/2246/3695/89846/1793/10672/3645/6654/81/2846/50649/1956/54434/4627/55740/22801/23396/2254/10000/340156/5290/6237"
"hsa04512","ECM-receptor interaction",86,0.695419692485607,2.43875522682784,6.38207900444377e-15,1.14076053311976e-13,4.55827975064999e-14,2290,"tags=45%, list=11%, signal=41%","3680/3690/1288/3672/1293/1286/341640/3910/9900/3679/3371/8516/1291/1284/3908/3678/7148/3696/1292/1285/3673/1282/1278/3691/3339/3688/3912/2335/1101/3675/3676/960/3694/7057/158326/3914/3695/2814/1287"
"hsa04015","Rap1 signaling pathway",202,0.578232732744938,2.18775650628062,6.46323248226491e-15,1.14076053311976e-13,4.55827975064999e-14,4340,"tags=44%, list=20%, signal=36%","284/56034/5579/111/2247/2775/2255/3690/2252/2260/7094/1902/5156/22808/1946/4233/3082/1435/109/3815/5159/5293/5295/2263/1436/10235/80310/23683/3937/7010/83593/5578/3684/1268/2533/3791/51196/5906/57121/1969/4804/3688/2903/2771/54518/7409/7074/4254/5908/3683/801/10451/5880/5228/9863/60/113/7057/3689/2246/115/84552/196883/2846/1956/1432/11069/2324/2357/55740/64411/25780/2254/136/10000/1813/5290/6237/8817/23236/3397/2321/8631/1499/2889/2149/5330/108/51378"
"hsa05412","Arrhythmogenic right ventricular cardiomyopathy",84,0.706420686738929,2.47020839691134,9.26279426599285e-15,1.55703160756927e-13,6.22162622377465e-14,4061,"tags=64%, list=19%, signal=53%","6546/3680/8082/3690/2697/3672/83439/6443/775/3679/1756/8516/1674/55799/3908/3678/8910/6442/1837/3696/3673/6445/6932/3691/3688/3675/4842/3676/60/3694/93589/1000/3695/781/488/785/6543/6641/137868/6934/6444/5318/27092/51176/22801/859/88/29119/778/6645/6262/6547/1499/3685"
"hsa04014","Ras signaling pathway",225,0.559534410187256,2.13041559814118,1.07477524409528e-14,1.72452573257106e-13,6.89090347888837e-14,4458,"tags=44%, list=20%, signal=35%","284/56034/5579/5063/2247/23179/2255/5924/54331/2252/2260/8844/5156/4915/22808/1946/4233/3082/5336/9846/22821/1435/55970/627/3815/5159/5321/5293/391013/5295/2263/1436/10235/57144/80310/3363/7010/83593/5578/4914/2113/3791/2114/51196/5906/53358/1969/4804/2322/4908/2903/7074/115727/4254/5908/801/5880/4303/5337/5228/2791/2246/2549/10681/6654/7039/1956/5966/2324/100271927/5923/25780/2793/10125/2254/10000/5290/6237/10156/5781/8831/4790/8817/4909/356/59345/283748/2784/2321/6789/50487/64926/3481/51378/4763/6655/9771/399694"
"hsa04640","Hematopoietic cell lineage",91,0.683324540424649,2.4120485849694,1.57040337499883e-14,2.41022778858516e-13,9.63084907321937e-14,4530,"tags=69%, list=21%, signal=55%","3690/3672/3678/1435/3815/3111/1436/3673/3684/3575/2322/3113/913/911/947/917/1378/3117/1438/916/4254/966/920/925/3675/3122/945/3566/3676/933/960/1441/951/2814/912/3115/7850/914/3574/3123/931/921/3570/929/909/3119/3553/915/3127/924/910/7124/930/1380/2208/1604/3569/3559/3112/952/3120/3108/1440"
"hsa04519","Cadherin signaling",374,0.487731432332898,1.8966178074039,1.56366187819012e-13,2.29988601250463e-12,9.18994261743314e-13,4937,"tags=39%, list=23%, signal=30%","8324/7414/54510/120114/166336/23500/79633/57575/87/5099/2697/54798/83439/6327/2260/6330/5101/8642/25937/7003/5156/10184/22808/1674/144165/6331/4233/51421/1009/5159/10413/3071/10186/64072/9475/84962/6932/56107/259236/8321/3791/56121/2535/11211/7482/57216/5098/51384/55879/3857/7409/7431/26025/56099/25984/10451/8777/5880/1001/60/8313/55233/2196/7472/1000/1003/55800/28513/2564/57526/28316/81/4542/1015/1956/1006/1432/7005/1004/2556/3852/8463/1825/2324/56100/6934/7475/3866/147138/1012/55740/5318/7976/51176/80326/2561/2568/3851/89780/26524/3861/56105/6237/56134/27253/3892/4790/29119/9620/10518/125115/64405/1952/1016/1830/7484/1499/324/6093/56131/5100/10787/342184/2185/10109/8641/51474/56129/3882/1387/3860/56097/4040/3872/7476/342574/144501/3855/3853/56106/3868/55914/5594/27328"
"hsa04360","Axon guidance",180,0.572822791441301,2.15084297358552,3.7998423459904e-13,5.36537739253844e-12,2.14391104994827e-12,3497,"tags=40%, list=16%, signal=34%","5063/7223/91653/2042/10371/1808/7220/7225/1073/56963/818/10398/1946/6091/4233/5336/2047/80031/151449/9423/9037/1947/5293/5295/57144/9475/7222/6387/6586/219699/9353/5578/4776/59277/223117/10154/6092/1969/3688/8633/3897/1630/815/2045/2771/2534/2043/5880/4773/10512/64101/5362/3983/7852/3611/9723/8482/84552/91584/4775/2048/54434/1949/57689/655/55740/5532/7976/2051/5290/6237/5781"
"hsa04714","Thermogenesis",225,-0.398515568231015,-2.17911323215547,1.8322749379361e-12,2.48766558881324e-11,9.94027699123228e-12,4065,"tags=47%, list=19%, signal=39%","498/57104/55811/2778/522/55744/4697/4714/7249/10632/28958/285521/79133/539/6195/51103/6389/514/4725/90639/65260/5346/29796/1350/1376/6602/374291/4711/71/388753/91942/7386/4718/4700/4722/1375/7384/4720/9167/51548/9551/521/5571/4708/4713/6603/4701/1351/55967/6194/1340/7381/126328/4728/513/4717/518/284184/6598/8193/27089/4696/1345/23028/509/3265/506/6300/4723/25915/51079/4694/4712/4695/1347/4726/6390/4731/4706/10063/6199/1329/4709/54539/517/4707/4705/1349/4702/148327/10476/440567/1337/4715/137682/516/7388/493753/1537/9377/6597/84335/4716/64223/4710/51287"
"hsa03008","Ribosome biogenesis in eukaryotes",78,-0.599356014669165,-2.80040582687945,3.45344225682635e-12,4.51505598762852e-11,1.80413747530109e-11,3083,"tags=46%, list=14%, signal=40%","102157402/10940/51367/4931/10436/10482/3692/23560/4809/27341/10775/1460/2091/65083/10607/10813/84128/51096/138716/92856/55272/51602/25996/10557/5901/10199/54433/55505/55813/10528/10799/55651/10248/1736/29889/26354"
"hsa05020","Prion disease",268,-0.371071242887247,-2.07223125268871,3.76743137440913e-12,4.74965455416579e-11,1.89787896304821e-11,3526,"tags=40%, list=16%, signal=34%","5687/5694/3309/539/5715/5690/5701/6389/514/4725/5530/29796/1350/374291/6647/2902/5717/4711/5714/203068/292/7386/4718/4700/5580/4722/7416/1460/7384/4720/5705/9167/5691/5685/4708/4713/4701/54205/1351/55967/1340/7381/126328/4728/5710/513/4717/518/7979/468/733/27089/4696/1345/581/509/506/5688/6300/10213/5709/4723/51079/293/4694/4712/4695/10383/1347/4726/6390/5682/4731/4706/11047/1329/5689/572/4709/54539/9861/5686/5692/517/5706/4707/10963/4705/5695/64837/1349/4702/5704/148327/10476/440567/1337/4715/5693/5684/516/7388/1537/9377/4716/5719/4710"
"hsa05146","Amoebiasis",98,0.645622985315929,2.29945061499045,4.53272988082162e-12,5.33351215976677e-11,2.13117825975473e-11,4656,"tags=56%, list=21%, signal=44%","5579/7414/87/1288/2774/1286/3910/5272/1284/3908/7099/7042/5293/338382/5295/1285/7097/1282/5578/3684/9630/1278/7043/913/911/3912/2335/1281/3689/3914/912/1287/7040/7850/81/929/1511/909/3913/3553/3592/5290/910/3586/2919/4790/23236/7124/2920/1277/3569/5330/6317/3576/2921"
"hsa04082","Neuroactive ligand signaling",178,0.566973184957219,2.12739578629134,4.41476577479323e-12,5.33351215976677e-11,2.13117825975473e-11,4843,"tags=46%, list=22%, signal=36%","5579/148/111/2775/3274/2774/54331/1812/146/2901/22953/109/55970/64805/2743/79627/5023/6512/3363/5578/2892/5179/5029/53829/6869/1816/9934/6507/2903/2771/55879/2898/147/6571/2791/2899/113/6865/60482/115/1139/3269/89832/2891/2564/10681/196883/3351/6530/3356/151/2556/2890/1137/6511/2793/2561/2568/136/3358/1813/1129/5443/23236/59345/9127/2784/57030/6529/2900/2916/5031/5330/108/2893/5368/6536/6505/3354/1143/114"
"hsa04061","Viral protein interaction with cytokine and cytokine receptor",94,0.645477558213525,2.28746722963677,7.97254479462478e-12,9.07841391129855e-11,3.62757556020279e-11,5692,"tags=73%, list=26%, signal=54%","6376/1435/3572/1436/6387/729230/3560/7133/3587/2829/3579/1524/56477/1234/146433/6366/8809/6372/8793/8794/3606/7852/8740/1230/6352/6367/1233/1236/5197/6368/6363/6358/10563/57007/3570/10803/6374/6846/1235/2833/1232/3586/2919/6375/7124/6364/1237/6360/2920/6351/3558/6347/3577/11009/3569/3559/3561/8807/3576/58985/2921/7132/643/6357/51554/29949/2826/8795/8797"
"hsa04270","Vascular smooth muscle contraction",130,0.598615821190664,2.19210001294285,9.22451880402562e-12,1.01757973056908e-10,4.06607078861656e-11,2521,"tags=29%, list=12%, signal=26%","4638/10335/4660/5579/4629/148/1909/111/59/3778/3779/5592/800/4882/775/72/146/10398/4659/109/552/5321/391013/1908/9475/5578/3708/5588/94274/2977/147/801/10203/113/115/10672/4881/196883"
"hsa04022","cGMP-PKG signaling pathway",162,0.571386776739691,2.13011806008893,1.04303303693635e-11,1.11572927890464e-10,4.45825923283797e-11,4928,"tags=48%, list=23%, signal=37%","4638/6546/10335/493/8654/148/1909/111/3778/3779/5350/5592/3764/477/7225/4882/775/482/4208/146/10398/4659/109/5138/1910/9475/5294/4776/3708/4205/2977/2771/3667/147/801/155/146850/624/4773/481/4624/6722/113/488/115/6543/10672/9586/4881/196883/5139/4775/151/486/5532/10000/340156/23236/5581/778/6547/4209/4846/480/6093/3709/23533/5330/108/5997/2983/91807/5593/114/4880/5594/5533"
"hsa04670","Leukocyte transendothelial migration",110,0.616257503423109,2.22093859629702,1.1329295001084e-11,1.1762473927596e-10,4.70007904069738e-11,4306,"tags=50%, list=20%, signal=40%","5579/7414/83700/87/4478/58494/5010/4313/10398/5336/5293/5295/9475/6387/83593/5578/3684/7412/83692/5906/3688/2771/7409/1536/5908/3683/3702/10451/5880/3676/60/7852/3689/1003/5175/81/4688/1432/1535/10686/11069/653361/394/9071/3383/5290/149461/5781/9076/29119/4689/1499/6093/90952/2185"
"hsa05010","Alzheimer disease",376,-0.326292897442434,-1.87995473191715,1.75896045231896e-11,1.77403725619598e-10,7.088742875511e-11,4537,"tags=38%, list=21%, signal=30%","4704/776/60673/8883/7417/23130/5702/515/3831/10023/25800/498/8851/26100/1649/5664/522/5609/5534/4697/4714/8408/5970/10105/5687/5694/55334/5604/539/5715/5690/5701/6389/514/4725/5530/29796/55630/1350/374291/2902/5717/4711/5714/203068/292/7386/4718/4700/283375/4722/7416/1460/7384/4720/5705/9167/5691/5605/5685/4708/7922/4713/23401/4701/54205/1351/55967/1340/7381/5331/126328/208/4728/5710/513/4717/518/27173/7979/468/7186/27089/4696/1345/509/3265/506/5688/29985/10213/5709/4723/51079/293/4694/4712/4695/10383/1347/4726/6390/5682/4731/4706/11047/1329/5689/572/4709/54539/9861/5686/5692/517/5706/3028/1020/4707/4705/5695/64837/1349/51107/4702/5704/10476/440567/1337/4715/5693/8312/5684/1454/516/7388/1537/9377/4716/5719/1855/4710"
"hsa04630","JAK-STAT signaling pathway",136,0.585407881120981,2.15311626115662,4.01625084495609e-11,3.93815707852638e-10,1.5736187521173e-10,4728,"tags=49%, list=22%, signal=38%","2273/316/85480/894/3953/5156/1489/6777/5159/5293/5295/3716/3572/6776/3717/9466/3575/9180/3560/1439/1271/596/3587/3600/4352/1438/3566/3718/1441/9021/8554/9655/3598/3574/6654/1956/3594/6775/3601/3570/6774/6778/3592/10000/3976/5290/5781/149233/8651/3586/3597/3558/64109/11009/3569/3559/3561/50615/1154/6655/9306/1440/1387/58985/116379/338376"
"hsa04611","Platelet activation",123,0.600221486011057,2.18659460961067,4.78276255549036e-11,4.5630140056435e-10,1.82330066126802e-10,4916,"tags=51%, list=23%, signal=40%","4638/111/5592/3690/7094/5742/4659/5336/109/64805/5321/5293/5295/5023/10235/9475/3673/5294/3937/3708/1278/5906/3688/2977/2771/1281/54518/2534/5908/146850/695/60/113/2814/115/10672/196883/1432/6915/10125/10000/340156/5290/2212/23236/283748/4846/6093/1277/3709/2149/83706/2207/23533/5330/108/7450/2983/6850/91807/5593/114/5594"
"hsa04974","Protein digestion and absorption",95,0.631168160986496,2.23971826144199,6.46341395978939e-11,6.00417138896225e-10,2.39916196845368e-10,4803,"tags=52%, list=22%, signal=40%","6546/1288/477/1293/1286/7373/81578/482/1305/1291/1296/1284/1292/1307/1306/1285/1289/7512/1282/85301/91522/1278/1308/1310/1281/1359/2006/1357/481/1295/1287/6543/9056/10008/486/1297/80781/1290/8645/50509/6547/169044/480/1277/255631/6505/1358/5547/120103"
"hsa03050","Proteasome",44,-0.672471450157253,-2.77915785502613,8.71550915473487e-11,7.76120198328072e-10,3.10124069109771e-10,3526,"tags=66%, list=16%, signal=55%","5687/5694/5715/5690/5701/5717/5714/5705/5691/51371/5685/5721/5710/7979/5688/10213/5709/5682/11047/5689/9861/5686/5692/5706/5695/5704/5693/5684/5719"
"hsa04080","Neuroactive ligand-receptor interaction",306,0.481702294947737,1.85983161365551,8.79456315385917e-11,7.76120198328072e-10,3.10124069109771e-10,4497,"tags=35%, list=21%, signal=28%","148/1909/3274/5732/3953/1902/1812/117/146/2901/22953/10316/552/2908/1908/2743/79627/1910/5023/6752/718/5733/3363/1903/5729/10857/2892/5179/5027/5029/1268/5745/1901/53829/6869/1816/2894/9934/7434/2587/5724/2903/55879/2898/147/155/624/10203/2899/4142/6865/64106/27334/66004/719/1139/3269/89832/2891/2564/9294/165829/3351/2846/286530/57105/3356/10800/59350/7067/4886/151/6915/2556/2890/1137/799/1511/2357/885/2561/2568/3001/136/1906/3358/1813/6753/84109/1129/554/2359/5443/9127/134864/4889/53637/2900/116/2149/2916/5031/1269/1140/2893/8698/10161/5368"
"hsa04932","Non-alcoholic fatty liver disease",152,-0.44122229657617,-2.29502407836407,9.08958101532991e-11,7.82590755710112e-10,3.12709590771299e-10,3156,"tags=41%, list=14%, signal=35%","6389/4725/29796/1350/374291/51094/4711/7386/4718/4700/2931/4722/6720/7384/4720/9167/5571/4708/4296/4713/4701/54205/1351/55967/1340/7381/126328/208/4728/4717/468/7186/27089/4696/1345/581/6300/4723/51079/4694/4712/4695/1347/4726/6390/4731/4706/1329/4709/54539/4707/4705/1349/4702/440567/1337/4715/7388/1537/9377/4716/4710"
"hsa04024","cAMP signaling pathway",212,0.514326034909438,1.95151278920235,1.07150169607913e-10,9.00571663609364e-10,3.59852699936349e-10,4184,"tags=38%, list=19%, signal=31%","493/1909/111/5350/5732/477/775/814/64399/482/1812/818/117/2737/10398/4659/109/627/64091/2735/5293/5295/1908/5141/5144/9475/6752/5733/11149/2892/1816/51196/5906/3776/7434/815/3991/2903/2771/7409/7074/5908/801/10451/5880/5337/481/113/488/115/9586/2891/4881/196883/3351/5139/1080/4886/11069/486/2890/10021/64411/10000/1906/8843/1813/5290/6237/1129/4790/2353/5443/5348/778/6262/480/6093/116/2149"
"hsa05150","Staphylococcus aureus infection",71,0.674487896211326,2.30812754522001,1.45824879708776e-10,1.16991323948177e-09,4.67476887104689e-10,5564,"tags=79%, list=26%, signal=59%","716/5648/3075/715/6403/3111/718/3684/3113/5724/3857/3117/25984/3683/3122/3426/3689/6404/719/3115/3123/3866/3119/2213/2357/714/3383/3861/629/3127/3586/1675/2359/2212/125115/713/712/2215/3112/3120/3108/3882/721/1672/3860/3872/2358/342574/728/3868/2204/720/2214/192666/10747/5340"
"hsa04062","Chemokine signaling pathway",184,0.541852581415053,2.03796840271522,1.44411657747262e-10,1.16991323948177e-09,4.67476887104689e-10,4558,"tags=49%, list=21%, signal=39%","5579/111/54331/2869/6777/6376/5336/109/55970/5293/5295/10235/9475/6387/5294/3717/9844/729230/1794/5906/53358/2268/2829/2771/7409/7074/3579/1524/56477/3055/1234/5908/3702/10451/146850/5880/6366/6372/10663/3718/2791/7852/113/1230/6352/6367/115/1233/1236/10681/5197/196883/6654/6368/6363/6358/10563/653361/6774/10803/7454/6374/2793/10000/6846/5290/1235/2833/1232/2919/4790/23236/6375/59345/6364/1237/6360/2784/2920/6351/6347/3577/6093/23533/2185/5330/108/6655/399694/408/3576"
"hsa00970","Aminoacyl-tRNA biosynthesis",44,-0.665153085934747,-2.74891286929452,2.07760294334234e-10,1.59709667768525e-09,6.38171924287529e-10,5675,"tags=75%, list=26%, signal=56%","123283/6301/10667/2058/51520/10352/5188/55157/55699/23395/57176/3035/123263/25973/79731/54938/6897/833/283459/118672/51067/4141/5859/79587/5917/57505/8565/80222/2617/124454/7407/2193/10056"
"hsa04921","Oxytocin signaling pathway",149,0.558302723666862,2.06850333592676,2.08120246950485e-10,1.59709667768525e-09,6.38171924287529e-10,4928,"tags=47%, list=23%, signal=37%","4638/4660/5579/111/2775/4882/775/814/818/4208/57172/10398/55799/4659/109/5321/9475/5294/5578/57118/4776/3708/3760/815/2977/2771/1827/3762/801/146850/4773/60/113/93589/781/785/115/4881/196883/5743/1956/29904/4775/6261/5532/27092/340156/5565/53632/2353/23236/778/283748/6262/4846/6093/3709/23533/952/5330/108/5997/783/5598/2983/91807/786/114/5594/5533"
"hsa05208","Chemical carcinogenesis - reactive oxygen species",215,-0.373967428888747,-2.0418929554963,2.52447364748968e-10,1.89604084588054e-09,7.57624790064091e-10,3156,"tags=35%, list=14%, signal=30%","6389/514/4725/29796/1350/374291/6647/4711/292/7386/4718/4700/5580/4722/7416/7384/4720/9167/5605/4708/4713/4701/1351/55967/1340/7381/126328/208/4728/10861/513/4717/518/27089/4696/1345/509/3265/506/6300/9817/4723/51079/293/4694/4258/4712/4695/1347/4726/6390/4731/4706/65010/1329/572/4709/54539/517/4707/4705/1349/4702/10476/440567/1337/4715/10327/52/516/7388/1537/9377/4716/4710"
"hsa03013","Nucleocytoplasmic transport",105,-0.49515305423674,-2.43909167206877,2.71943767699117e-10,1.99991979162059e-09,7.99133001571968e-10,5213,"tags=50%, list=24%, signal=38%","22985/29107/7919/65109/6612/10073/100101267/55706/11260/9688/81929/7329/5411/9670/84321/9939/79023/2733/8480/30000/7341/3837/23636/5976/129401/55110/23225/9984/10482/57510/64901/80145/6613/84305/9775/1434/3838/4116/348995/79228/22916/10284/79902/10189/5901/6396/79711/23214/10921/5905/65110/8086"
"hsa04933","AGE-RAGE signaling pathway in diabetic complications",100,0.608892637906144,2.1731082623195,5.30439612665554e-10,3.82133027083552e-09,1.52693680122845e-09,4125,"tags=50%, list=19%, signal=41%","5579/1288/1286/7048/4313/84812/6777/2308/1284/4088/5336/7042/5293/5295/6776/113026/1285/1282/3717/5578/7412/1278/7043/51196/596/2335/1281/1536/7046/7056/1287/7040/6401/5333/1432/6774/1958/3553/3383/10000/1906/5290/4790/23236/5581/7124/4846/6347/1277/3569"
"hsa04010","MAPK signaling pathway",290,0.479071340157639,1.84574382782287,6.75061245504254e-10,4.76593239326003e-09,1.90438330310674e-09,4456,"tags=37%, list=20%, signal=29%","284/56034/5579/2316/2247/2255/51776/5924/7048/2252/2260/775/5156/4915/22808/4208/1946/55799/4233/3082/1435/55970/627/3815/7042/5159/5321/2263/1436/10235/80310/7010/5578/2122/4914/7786/3791/1845/2668/7043/5906/1969/4804/2322/4908/115727/4254/5908/4215/8912/5880/5228/7046/9020/6722/1326/2246/93589/1847/781/4214/785/1647/7040/355/6654/7039/1956/1432/4775/1848/2324/7189/929/5778/5532/27092/5923/25780/3553/1843/10125/2254/6885/10000/6237/4790/8817/2353/4909/778/356/7124/283748/2069/2321/4902/11184/6789/2066/3481/51378/4763/6655/783/5598"
"hsa04380","Osteoclast differentiation",131,0.561365688719931,2.05751377970283,2.4194639988886e-09,1.64244383001476e-08,6.56291853949538e-09,5725,"tags=60%, list=26%, signal=44%","4286/3690/7048/814/2274/5336/9846/1435/7042/5293/5295/3716/1436/140885/1513/3937/3708/11024/1540/2534/2355/4773/695/7046/9020/9021/488/10859/7040/4688/11027/1432/1535/7189/653361/799/10288/2213/6688/5532/3553/55423/169200/6885/10000/5290/8651/4790/2353/2212/4689/3932/7124/10326/2215/8600/3709/4982/6850/7132/7305/5594/5533/2354/2214/3725/8061/3552/353514/126014/5468/4792/3554/11006/54/489/23547/23118"
"hsa04081","Hormone signaling",181,0.525731141496644,1.97488305336698,2.39305160813701e-09,1.64244383001476e-08,6.56291853949538e-09,4497,"tags=39%, list=21%, signal=31%","148/9843/111/2775/5592/3690/6567/54331/3953/4882/1812/146/6777/109/55970/30061/552/5293/5295/6776/6752/3717/9630/5179/5745/2099/1816/7434/2771/1734/4352/3667/147/155/4842/2791/113/5744/115/10672/10681/4881/196883/2100/7067/151/11069/799/6774/2793/4093/885/4086/1813/5290/90/6753/554/5443/23236/59345/4883/2784/3685/3481/5330/108/657/2984/5368"
"hsa04610","Complement and coagulation cascades",81,0.633499843036469,2.205544277285,2.69976189352889e-09,1.79814329889755e-08,7.18506640978891e-09,5144,"tags=59%, list=24%, signal=45%","716/5648/730/710/3075/1191/715/2/2159/5104/718/3684/2157/7035/2155/2162/1378/966/624/3426/3689/5270/7056/5328/719/10544/11326/5627/714/10878/629/1675/5345/713/1380/712/1604/2149/5265/7450/5329/721/722/729/728/3687/720/1379"
"hsa03410","Base excision repair",44,-0.636080708880444,-2.62876393949854,3.08009333708204e-09,2.01346842220363e-08,8.04546797600376e-09,3786,"tags=68%, list=17%, signal=56%","7515/5423/56655/57804/54107/5985/11232/55247/27343/5426/54936/4913/5427/3978/23583/5111/4350/55775/7374/5984/5982/4968/79661/3980/10038/328/2237/11284/54840/5425"
"hsa04261","Adrenergic signaling in cardiomyocytes",150,0.536633086906913,1.9894154120641,5.67892558106242e-09,3.64483769111824e-08,1.45641345045428e-08,4425,"tags=40%, list=20%, signal=32%","6546/493/148/111/5350/7168/6332/477/6330/775/482/818/146/55799/6331/70/109/64091/5521/7169/5294/11149/5578/3776/815/596/2771/147/801/146850/481/4624/113/93589/5502/781/488/785/115/6543/9586/196883/1432/11069/486/5516/7171/4634/27092/10000/23236/778/6262/6547/5523/480/23533/5330/108/783"
"hsa03420","Nucleotide excision repair",61,-0.569996442135881,-2.53514588628768,7.29591880295292e-09,4.59903453114711e-08,1.83769383382649e-08,3943,"tags=49%, list=18%, signal=40%","1022/56655/57804/54107/5985/5887/5426/5886/2068/5433/5427/5434/5438/9978/5436/2067/3978/5439/404672/5441/5111/57654/6119/5440/5984/5982/4331/5435/5425/5437"
"hsa05416","Viral myocarditis",66,0.647635379489561,2.19322142758973,1.13478896022758e-08,7.02772812211115e-08,2.80815735310241e-08,4526,"tags=64%, list=21%, signal=51%","8082/857/6443/1756/3908/958/8910/6442/1837/3111/6445/3113/3117/2534/3683/3133/3122/5880/4842/959/4624/60/3689/5551/3115/942/6641/3123/940/137868/6444/3119/3383/859/3127/6645/1604/3112/3134/3120/3108/3105"
"hsa05022","Pathways of neurodegeneration - multiple diseases",467,-0.274149755698917,-1.60501069206958,1.19892018138267e-08,7.29687627634626e-08,2.91570425236439e-08,4065,"tags=33%, list=19%, signal=27%","498/1769/8851/26100/1649/5664/522/5609/5534/578/4697/4714/8408/5970/2876/11258/10105/5687/5694/3309/5604/10280/539/5715/5690/10540/5701/6389/514/4725/5530/10131/29796/1350/374291/7314/6647/2902/5717/4711/5714/203068/292/7386/9973/4718/4700/1616/7317/816/4722/7416/1460/7384/4720/6233/5705/9167/5691/5605/5685/7311/4708/4713/23401/4701/27429/54205/1351/55967/1340/7381/5331/126328/4728/5710/513/4717/518/7979/468/7186/10120/27089/4696/1345/581/509/3265/506/5688/6300/10213/5709/4723/51079/293/11315/4694/4712/4695/10383/7415/1347/4726/6390/5682/4731/4706/11047/1329/5413/5689/2521/572/4709/127602/54539/10126/9861/5686/5692/517/5706/3028/1020/4707/4705/5695/64837/1349/4702/5704/23435/10476/440567/1337/4294/4715/6712/5693/8312/5684/1454/516/7388/1537/9377/4716/118424/5719/1855/10452/4710"
"hsa04072","Phospholipase D signaling pathway",144,0.54249980446817,2.00493990162394,1.30769554304536e-08,7.82400892703411e-08,3.1263372483154e-08,4628,"tags=46%, list=21%, signal=36%","56034/111/56895/8613/1902/5156/22808/1608/5336/9846/109/3815/5159/552/5321/2205/5293/26052/5295/80310/5294/5578/160851/2206/57121/53358/8395/3579/2534/4254/146850/5337/113/1759/115/10672/2549/196883/6654/27128/2846/1956/11069/9162/23396/10000/5290/6237/5781/554/23236/1606/283748/3577/2149/2207/23533/2916/2185/5330/108/6655/399694/10161/3576/6850"
"hsa04659","Th17 cell differentiation",104,0.576027831932285,2.06386996348341,2.63417919064466e-08,1.54977542382928e-07,6.19263178151552e-08,4431,"tags=55%, list=20%, signal=44%","7048/6777/4088/3111/3716/3572/6776/3717/196/5588/861/9466/3560/3113/917/3117/916/920/3122/2625/4773/3566/7046/3718/6095/7040/3115/919/3662/3123/10148/3594/1432/4775/6258/3570/5914/6774/6778/3119/5532/30009/3553/915/3127/149233/4790/2353/3932/3558/3569/3559/3561/50615/3112/3120/3108"
"hsa04141","Protein processing in endoplasmic reticulum",169,-0.374064819060596,-1.97385141163324,3.20320707864898e-08,1.85365917830015e-07,7.40689816288116e-08,6252,"tags=51%, list=29%, signal=37%","7323/3301/573/4287/9373/10299/6238/3304/10970/6747/3320/6185/6500/51009/64215/10483/79139/3312/258010/55973/1388/5601/55741/51619/10294/7327/51128/56893/10961/9601/56605/3703/1649/55432/5609/55768/578/51035/80700/10960/3309/1650/7322/25956/5887/5034/64374/55666/11253/55829/26270/10134/5886/54788/1603/6048/3300/2923/9978/6748/200185/84447/58505/10273/6184/7184/29927/80331/23640/468/7186/51726/10113/581/5589/7415/6396/811/100128731/3326/6746/23480/7841/746/7353/10952/118424"
"hsa05321","Inflammatory bowel disease",61,0.651996965453575,2.18298443587206,3.54281406000243e-08,2.01711832771106e-07,8.06005236061673e-08,6070,"tags=79%, list=28%, signal=57%","4088/7099/7042/3111/7097/64127/7043/3113/3117/3122/2625/8809/3566/3606/6095/7040/3115/3123/7100/3594/6775/6774/6778/3119/4094/30009/3553/3592/3127/149233/3586/4790/7124/3558/3569/3561/50615/3112/3120/3108/8807/50943/3725/3552/3595/4087/3593/6772"
"hsa05144","Malaria",46,0.691427174295887,2.21738329101845,3.68489615560723e-08,2.06471165544342e-07,8.25022698164359e-08,4558,"tags=72%, list=21%, signal=57%","4233/3082/7099/958/6403/7042/2995/7097/7412/7043/4035/1378/3683/959/3606/7057/3689/3820/7040/5175/2532/6401/7058/6383/3553/3592/3383/3586/7124/6347/3569/1440/3576"
"hsa04310","Wnt signaling pathway",173,0.506805450116538,1.89797459709069,3.86317676945683e-08,2.13078343690353e-07,8.51423827478973e-08,4121,"tags=37%, list=19%, signal=30%","5579/8324/166336/23500/5176/83439/894/4163/6422/85407/4920/818/340419/144165/284654/59352/84870/4088/4919/9475/6907/6932/8840/5578/6423/4776/8321/11197/2535/11211/7482/815/57216/51384/164284/5880/4773/8313/7472/64321/85409/8549/7091/27123/2487/4775/22943/84133/2239/6934/7475/5532/7976/51176/80326/89780/6885/9620/23236/1952/7484/1499/324/4316"
"hsa03020","RNA polymerase",34,-0.653731731312378,-2.53530129120776,1.10329324195878e-07,5.9917309909454e-07,2.39419100279315e-07,5077,"tags=59%, list=23%, signal=45%","25885/10621/171568/221830/27297/30834/5433/5434/5438/5436/5439/5441/5440/10849/51082/5435/55718/51728/9533/5437"
"hsa04970","Salivary secretion",85,0.584951823365443,2.04873234664567,1.69898792846516e-07,9.08701119315458e-07,3.63101088380114e-07,2892,"tags=31%, list=13%, signal=27%","493/5579/148/111/3778/5592/477/482/146/109/5578/3708/362/683/2977/147/801/155/4842/481/113/115/4069/196883/1755/486"
"hsa04972","Pancreatic secretion",92,0.564303339532286,1.99451454103122,4.03333916620203e-07,2.12502794876018e-06,8.49124034989902e-07,5985,"tags=48%, list=27%, signal=35%","493/5579/111/3778/477/7220/482/109/391013/5578/3708/5906/683/1359/5908/1357/481/113/488/115/196883/1080/486/885/9635/22802/23236/6262/480/3709/50487/952/5330/108/1358/26279/114/5322/6344/23439/489/476/6548/219931"
"hsa01521","EGFR tyrosine kinase inhibitor resistance",78,0.588610250647653,2.03962280623043,4.35384005106793e-07,2.22739933047388e-06,8.90029850256449e-07,3443,"tags=40%, list=16%, signal=34%","56034/5579/2247/558/5156/9542/4233/3082/5336/5159/3084/5293/5295/2263/3716/80310/3717/5578/3791/2621/53358/596/2549/6654/7039/1956/5728/3570/6774/10000/5290"
"hsa05323","Rheumatoid arthritis",87,0.572937815989542,2.01226663356823,4.34038442804895e-07,2.22739933047388e-06,8.90029850256449e-07,4656,"tags=55%, list=21%, signal=44%","284/7099/1435/7042/3111/6387/1513/7097/7010/7043/3113/3600/3117/3683/3122/6372/3606/3689/6352/7040/3115/942/3123/245972/10673/940/6374/3119/3553/3383/127124/3127/2919/2353/7124/6364/50617/2920/2321/6347/3569/8600/3112/3120/3108/4050/3576/2921"
"hsa05140","Leishmaniasis",73,0.599588159562928,2.06003192610013,4.67319148460905e-07,2.35662370580999e-06,9.41665652537764e-07,6071,"tags=73%, list=28%, signal=53%","5579/7099/7042/3111/3716/718/7097/3717/3684/7043/3688/3113/1378/1536/3117/3122/3676/3689/7040/3115/5743/3123/4688/1432/1535/7189/653361/3119/3553/3592/6885/3127/3586/4790/2353/2212/4689/7124/2215/3112/3120/3108/5594/2214/1379/3725/3552/4792/23118/51135/3593/6772/4615"
"hsa03060","Protein export",31,-0.65754649663058,-2.48270654249745,5.04130215767804e-07,2.50645022769063e-06,1.00153371257058e-06,6656,"tags=84%, list=31%, signal=58%","6734/55176/51608/6730/6731/83943/6728/90701/6726/6729/3309/5018/6727/29100/6449/9789/28972/29927/23478/8266/7917/439/58477/23480/196294/10952"
"hsa04713","Circadian entrainment",94,0.563538244656656,1.99708766152441,5.18614570771307e-07,2.50846264095538e-06,1.0023378377457e-06,4916,"tags=49%, list=23%, signal=38%","5579/111/2775/5592/54331/775/818/117/109/55970/5578/2892/3708/3760/815/2977/2903/2771/3762/801/8912/4842/8864/2791/113/115/2891/10681/196883/2890/6261/2793/8863/2353/23236/59345/6262/2784/116/5330/108/2893/2983/5593/114/5594"
"hsa04725","Cholinergic synapse",110,0.5363097578581,1.93281385489269,5.18747231698988e-07,2.50846264095538e-06,1.0023378377457e-06,4916,"tags=46%, list=23%, signal=36%","5579/111/2775/54331/775/814/818/56479/109/55970/5293/9132/5295/5294/3717/5578/3708/3760/815/596/2771/2534/146850/2791/113/60482/115/1139/9586/89832/10681/196883/1137/2793/10000/5290/1129/2353/23236/778/59345/2784/3709/23533/5330/108/3786/1143/114/773/5594"
"hsa04390","Hippo signaling pathway",155,0.504987972355363,1.87666108910583,5.37649830862969e-07,2.56473500398146e-06,1.02482329069186e-06,4036,"tags=40%, list=19%, signal=33%","8324/122786/2736/7048/83439/894/25937/7003/85407/652/4088/6591/151449/7042/10413/5521/1490/84962/6932/8321/154796/7043/2535/11211/7482/330/51384/7046/4092/60/8313/55233/23418/3689/2246/7472/6657/7040/653/8200/84552/85409/650/1742/7005/8463/5516/6934/655/7475/7976/51176/80326/89780/4086/26524/659/29119/3397/7484/1499/324"
"hsa04971","Gastric acid secretion",72,0.598451598632431,2.05240476488802,5.93591258772059e-07,2.79383619128716e-06,1.11636812176078e-06,4843,"tags=46%, list=22%, signal=36%","4638/5579/111/3274/477/482/818/109/6752/5578/3708/3776/3772/815/2771/801/481/60/113/115/196883/1080/54207/340156/23236/480/3709/389015/5330/108/91807/3758/114"
"hsa03015","mRNA surveillance pathway",94,-0.435398702980341,-2.10407136006125,6.07921580476806e-07,2.82363576195148e-06,1.12827550947219e-06,5213,"tags=50%, list=24%, signal=38%","22985/29107/7919/5519/5501/1478/65109/2935/10978/100529063/79869/1477/5411/9939/5515/2733/11052/5976/55110/5518/80336/10482/26986/8761/84305/9775/4116/8189/10898/22916/28227/10284/29894/8106/10189/2521/10921/29101/5499/23435/4440/51692/55844/23381/26528/1479/65110"
"hsa01240","Biosynthesis of cofactors",144,-0.371271123849485,-1.91610250847124,6.17709084132543e-07,2.83183515193231e-06,1.13155184243009e-06,4088,"tags=36%, list=19%, signal=30%","2937/79001/25902/145226/79717/1371/27235/93100/493911/51601/6697/29968/326625/154807/102157402/5372/112724/133686/29925/587/29926/65220/55163/7372/55191/4831/10229/387787/158/4833/4351/441024/6472/125061/60490/204/84274/2356/5498/7390/124454/4830/80347/3145/51117/10327/5805/4832/9054/51004/80308/54995"
"hsa04724","Glutamatergic synapse",112,0.547613128000889,1.97714405868008,7.37583961927426e-07,3.33804023795361e-06,1.33382254923448e-06,4928,"tags=47%, list=23%, signal=37%","5579/111/2775/54331/7220/775/2901/109/55970/5321/6512/5578/2892/3708/3760/6507/2903/2771/2898/5337/2791/2899/113/115/2891/10681/196883/1742/10991/2890/2752/5532/6511/2793/85358/50944/23236/59345/283748/2784/57030/2900/3709/81539/2916/5330/108/2893/6505/114/773/5594/5533"
"hsa04350","TGF-beta signaling pathway",109,0.537986140035055,1.93693468156773,9.05391612623837e-07,4.04561062349639e-06,1.61655531101391e-06,6107,"tags=61%, list=28%, signal=44%","7048/4052/2200/1634/56963/10468/652/3547/4088/3077/151449/7042/3400/79875/9241/7043/2014/7046/4092/7057/3399/375387/7040/653/8200/1030/650/5516/655/2615/6497/7044/4093/4086/5308/90/659/7124/3397/4091/7018/4681/64388/6093/657/25942/2331/3398/1387/57154/3624/26585/392255/6498/6667/4756/5594/83729/8646/130399/8454/4838/57817/4089/4087/4090/5933"
"hsa04658","Th1 and Th2 cell differentiation",90,0.558434253236972,1.96886793874382,1.14252367026555e-06,5.04138569504672e-06,2.01444962915241e-06,6214,"tags=63%, list=29%, signal=45%","84441/6777/3111/3716/6776/3717/5588/3560/3113/4851/917/3117/916/920/3122/2625/4773/3566/864/3718/3115/919/3123/3594/28514/1432/4775/6775/6778/3119/5532/4094/30009/3592/915/3127/4790/2353/3932/3558/3559/3561/3112/3120/3108/54567/3516/5594/5533/3725/4792/4853/3595/7535/3593/6772/4854"
"hsa05163","Human cytomegalovirus infection",208,0.456195084635932,1.72881152464103,1.30454745781369e-06,5.68525003220039e-06,2.27172656721292e-06,4928,"tags=40%, list=23%, signal=32%","5579/111/2775/5732/3690/54331/5156/6376/109/55970/5293/5295/3716/9475/6387/5733/340061/5578/4776/3708/3587/2771/3579/1234/3133/801/5880/4773/7188/2791/7852/113/1230/6352/115/10672/9586/355/10681/196883/6654/5743/1956/1432/4775/115004/3570/6774/5532/567/2793/3553/10000/5290/1021/1232/11214/4790/23236/356/59345/7124/2784/6351/6347/1499/3685/6093/3569/3709/2185/5330/3134/108/6655/3105/3576/7132/6667/5734/114/5925/5594/5533"
"hsa05206","MicroRNAs in cancer",171,0.478214508685389,1.78964368981103,1.72865595603609e-06,7.44165307903339e-06,2.9735545328477e-06,4566,"tags=36%, list=21%, signal=28%","5579/6935/3690/7078/7168/9839/894/5156/3371/1946/4233/4325/5243/5336/3678/10253/7042/5159/7148/5293/5295/23414/406937/5578/3236/8626/8434/4851/596/7431/3667/960/407006/7057/5328/5268/6654/5743/1956/5728/4855/6774/7976/89780/5290/1021/8651/659/4790/5581/1545/1591/324/6093/407019/57521/6655/5598/399694/6624/1387"
"hsa04520","Adherens junction",92,0.548714104966555,1.93941482276503,2.06327344307368e-06,8.77512681210853e-06,3.50638733509033e-06,4087,"tags=38%, list=19%, signal=31%","10580/7414/87/7048/83439/2260/10398/4233/4088/6591/9475/57493/6932/5906/2241/8826/2534/5908/5880/7046/60/5787/1003/117178/81/1956/6934/7454/51176/6885/54922/6615/29119/1499/6093"
"hsa05032","Morphine addiction",82,0.567554843370797,1.979079568249,2.17081457560441e-06,9.12258982367089e-06,3.64522748284449e-06,3312,"tags=37%, list=15%, signal=31%","5579/111/2775/54331/2869/1812/5137/27115/109/55970/5138/5141/5144/5578/3760/2771/55879/3762/2791/113/5153/115/2564/10681/196883/5139/2556/2793/2561/2568"
"hsa04371","Apelin signaling pathway",134,0.505202954677191,1.8558269890885,2.23385663183955e-06,9.27707518869837e-06,3.70695713518885e-06,4339,"tags=39%, list=20%, signal=31%","4638/6546/111/59/54331/814/10891/22808/4208/4088/109/55970/1490/5294/3708/4205/3991/2771/801/146850/4842/7046/2791/113/115/6543/10672/10681/196883/81631/10365/6261/4634/1958/2793/10000/340156/5565/6237/53632/23236/5581/59345/6262/6547/4209/2784/4846/3709/23533/5330/108"
"hsa04925","Aldosterone synthesis and secretion",95,0.539567351838527,1.91467017173653,2.80802563496592e-06,1.1525965687709e-05,4.60557448084986e-06,4339,"tags=39%, list=20%, signal=31%","493/5579/111/477/775/814/482/818/57172/109/5138/23683/5578/57118/3708/1583/815/3991/3762/801/8912/481/113/115/9586/4881/196883/3777/747/5443/23236/5581/778/480/3709/5330/108"
"hsa05330","Allograft rejection",35,0.683561428666238,2.08743461516837,2.92594338976849e-06,1.18719312251526e-05,4.74381626411347e-06,4526,"tags=71%, list=21%, signal=57%","958/3111/3113/3117/3133/3122/959/5551/3115/942/355/3123/940/3119/3592/3127/3586/356/7124/3558/3112/3134/3120/3108/3105"
"hsa04672","Intestinal immune network for IgA production",46,0.645799243650807,2.071056078584,3.01038126015049e-06,1.20757339185582e-05,4.82525225909289e-06,4431,"tags=67%, list=20%, signal=54%","958/3111/6387/3113/3600/3117/56477/3122/3676/9020/959/7852/3695/7040/3115/942/3123/10673/3601/940/10803/3119/3127/3586/23495/3558/3569/3112/29851/3120/3108"
"hsa04156","Integrated stress response (ISR) signaling pathway",51,-0.528773960026223,-2.26248174457752,3.59718310130134e-06,1.41089514973264e-05,5.63769047455414e-06,4402,"tags=51%, list=20%, signal=41%","115209/27113/9812/1649/11337/8892/3309/22809/1968/51142/8891/468/9361/8894/3313/3326/1967/27102/3329/5499/57761/84335/8890/8893/9894/64223"
"hsa04916","Melanogenesis",99,0.541571245575703,1.93082318783748,3.58257880857823e-06,1.41089514973264e-05,5.63769047455414e-06,4916,"tags=43%, list=23%, signal=34%","5579/8324/111/2775/4286/83439/818/109/3815/1910/6932/5578/8321/2535/11211/7482/815/51384/2771/4254/801/113/7472/115/196883/6934/7475/7976/51176/80326/1638/89780/1906/5443/23236/7484/1499/5330/108/1387/7476/114/5594"
"hsa03082","ATP-dependent chromatin remodeling",108,-0.403539351763279,-1.99743608862443,3.71753098461281e-06,1.44207520611904e-05,5.76228053138365e-06,5163,"tags=44%, list=24%, signal=33%","3015/64431/317772/9643/83444/57504/8932/9274/86/125476/3012/65980/64769/29844/54107/8336/3065/9112/1108/6602/8089/54815/71/8338/10445/10467/55766/29998/8099/283899/55929/9219/6603/6598/53615/9555/8193/79913/6944/26039/10263/10856/55257/3014/92815/6597/8607"
"hsa04926","Relaxin signaling pathway",125,0.506602545785539,1.84856861026776,4.00855823953595e-06,1.53806636799586e-05,6.14584444047846e-06,4547,"tags=41%, list=21%, signal=32%","111/59/2775/1288/1286/7048/54331/4313/1284/109/55970/5293/5295/1910/1285/1282/5578/1278/53358/2771/1281/4842/7046/2791/113/1287/115/7040/9586/10681/196883/6654/1956/59350/1432/2793/10000/1906/5290/4790/2353/23236/59345/2784/4846/1277/5330/108/6655/399694/408"
"hsa03030","DNA replication",36,-0.589857391925626,-2.32090645177431,4.41338132047648e-06,1.67518667325613e-05,6.69375321951158e-06,3786,"tags=53%, list=17%, signal=44%","56655/57804/54107/23649/5985/1763/5426/5427/10535/3978/5111/6119/5984/5982/84153/4176/6742/2237/5425"
"hsa05226","Gastric cancer",140,0.495021701266122,1.82545411255816,4.61676656668517e-06,1.73374318940411e-05,6.92773482570899e-06,4036,"tags=36%, list=19%, signal=30%","8324/2247/2255/7048/2252/83439/5915/4233/5243/4088/3082/7042/5293/5295/2263/6932/8321/7043/53358/2535/11211/7482/596/51384/7046/8313/2246/7472/1647/7040/1030/2549/6654/1015/1956/6258/6934/7475/7976/51176/80326/2254/89780/10000/5290/8817/29119/1643/7484/1499/324"
"hsa04540","Gap junction",88,0.546182727463045,1.92105163873066,5.08461029543507e-06,1.8893341413564e-05,7.54944908131079e-06,5129,"tags=43%, list=24%, signal=33%","56034/5579/111/5592/2697/1902/5156/1812/109/84617/5159/80310/5578/3708/7846/2977/2771/113/115/196883/6654/1956/3356/7277/3358/1813/23236/3709/5330/108/6655/5598/2983/5593/114/5594/79861/10746"
"hsa05165","Human papillomavirus infection",312,0.417149007521097,1.6118980955546,5.39761100088986e-06,1.98474654511887e-05,7.93070037411448e-06,4854,"tags=34%, list=22%, signal=27%","8324/3680/3690/1288/3672/1293/1286/83439/894/3910/3679/84441/3371/8516/1291/2308/1284/3908/7098/3678/5159/7148/5293/3696/5295/3716/5521/1292/1285/3673/6932/1282/8321/1278/3691/2535/11211/7482/3688/3912/4851/51384/2335/1101/3133/3675/4242/3676/8313/3694/7057/7472/3914/3695/1287/9586/84552/355/6654/5743/1956/5728/4855/245972/5516/7058/6934/1297/7475/7976/4599/3913/80326/9641/22801/89780/127124/10000/5290/26508/1021/4790/356/7124/50617/4600/7484/5523/1499/324/3685/27175/1277/3134/7450/6655/3105/1387/7476/7132/8900/3516/5734/472/5925"
"hsa05145","Toxoplasmosis",109,0.518997497413593,1.86856905332495,6.15691212128175e-06,2.24060822557985e-05,8.95307893924855e-06,4431,"tags=43%, list=20%, signal=35%","2775/3910/3908/7099/958/7042/3111/3716/5294/7097/3717/7043/330/3688/3113/3912/596/3587/2771/3117/1234/146850/3122/959/4261/3914/7040/3115/3123/1432/7189/6774/3119/3913/3592/6885/10000/3127/8651/3586/4790/7124/23643/3112/23533/3120/3108"
"hsa04148","Efferocytosis",157,0.487361724150114,1.81319505702353,6.2336832346513e-06,2.24539814472644e-05,8.9722186191544e-06,5186,"tags=41%, list=24%, signal=31%","196527/203859/5732/3690/558/818/5087/6376/121601/4240/64805/338382/140885/834/3717/9844/4776/5029/1901/2621/4035/9023/126129/815/1524/114786/29933/4773/7057/23166/1847/488/1793/7040/5175/3988/5743/89790/286410/1432/4775/19/5627/714/55423/5781/84868/3586/10326/713/961/405/3685/712/5031/8578/24145/5734/5594/240/6446/1051/23339/817"
"hsa05332","Graft-versus-host disease",34,0.677204193040898,2.05612565307684,6.5238492686919e-06,2.32618059782651e-05,9.29501118558974e-06,4526,"tags=74%, list=21%, signal=58%","3111/3113/3824/3117/3133/3122/5551/3115/942/355/3123/940/3119/3821/3553/3127/356/7124/3558/3569/3112/3134/3120/3108/3105"
"hsa05310","Asthma",24,0.747012003244399,2.11661912858102,7.0551223313362e-06,2.49045818296168e-05,9.9514357094637e-06,4431,"tags=75%, list=20%, signal=60%","958/2205/3111/2206/3113/3117/3122/959/3115/3123/3119/3127/3586/7124/2207/3112/3120/3108"
"hsa05152","Tuberculosis",161,0.466527415903221,1.73833127434921,8.75138362210343e-06,3.05865189960644e-05,1.22218385134118e-05,5257,"tags=49%, list=24%, signal=38%","8844/818/9902/7096/7099/7042/3111/3716/718/7097/3717/3684/10333/4360/64127/7043/3113/1520/815/596/3587/972/1378/3117/801/3122/3606/4261/3689/64581/7040/3115/3123/4046/245972/1432/7189/929/11151/3656/3119/2213/5532/3553/3592/10000/30835/3127/843/3586/4790/2212/7124/50617/1263/3569/22925/2215/7421/2207/3112/26253/3120/3108/1387/10332/6850/7132/5289/317/5594/5533/3687/1051/8411/2214/1379/817/3552"
"hsa05133","Pertussis",75,0.553904859164143,1.90945829683215,9.80128836236941e-06,3.39201450187883e-05,1.35538972193757e-05,5257,"tags=53%, list=24%, signal=41%","716/710/1073/715/7099/3678/718/834/3684/114548/3688/2771/801/6372/3689/3394/1432/7189/929/6374/714/3553/3592/3586/4790/2353/10392/7124/23643/713/712/3569/29108/3576/721/722/5594/720/3725/3552"
"hsa03018","RNA degradation",77,-0.434147229050989,-2.02078288085696,1.21219868417217e-05,4.15442850012404e-05,1.66003703300021e-05,2768,"tags=32%, list=13%, signal=28%","57819/9125/80336/26986/80349/2023/4849/8761/5211/51691/23016/51010/6499/23658/3313/5393/56915/80153/27258/51690/3329/54512/23404/25804/25904"
"hsa05415","Diabetic cardiomyopathy",196,-0.313309097244365,-1.68683192735599,1.27104527068973e-05,4.31422096686032e-05,1.72388731044963e-05,3156,"tags=38%, list=14%, signal=33%","6389/514/4725/29796/2539/1350/1376/374291/4711/5524/292/7386/4718/4700/5580/816/4722/7416/1375/7384/4720/9167/4708/4713/4701/1351/55967/1340/7381/5331/126328/208/5160/4728/513/4717/518/27089/4696/1345/509/506/6300/4723/51079/293/4694/4712/4695/1347/4726/6390/4731/25874/4706/1329/4709/54539/517/4707/4705/1349/4702/5499/10476/440567/1337/4715/516/7388/1537/9377/4716/4710"
"hsa04727","GABAergic synapse",80,0.542948562356405,1.88767929312148,1.32965893703371e-05,4.47018671212286e-05,1.78620849686734e-05,4339,"tags=40%, list=20%, signal=32%","5579/111/2775/54331/775/5334/109/55970/92745/5578/2771/55879/2791/113/115/2564/10681/196883/10991/2556/2752/2793/2561/2568/778/59345/2784/66008/6529/23710/81539/108"
"hsa04064","NF-kappa B signaling pathway",102,0.521532349493932,1.86487332107938,1.4733653861082e-05,4.90658472920938e-05,1.96058551875371e-05,6205,"tags=59%, list=28%, signal=42%","5579/5336/7099/958/6387/23085/7128/60401/7412/5588/330/1540/596/84433/6366/695/7188/9020/959/8740/5328/1647/5743/6363/10673/8837/7189/929/3553/3383/6885/2919/4790/3932/7124/7185/23643/2920/6351/597/8600/4050/3576/6850/2921/7132/472/6357/4792/3554/10913/23118/115650/7535/23586/4616/51135/4615/4067/4049"
"hsa05142","Chagas disease",99,0.522957324329425,1.86446037582982,1.75134493572323e-05,5.77780151691871e-05,2.30870852323574e-05,4125,"tags=43%, list=19%, signal=35%","2775/2774/7048/7099/7042/5293/5295/5521/718/7097/9630/10333/7043/2771/917/916/624/7046/6352/7040/919/355/1432/8837/5516/7189/714/3553/3592/10000/915/5290/3586/4790/2353/23236/356/7124/713/3558/6347/712/3569"
"hsa05224","Breast cancer",139,0.479118505990637,1.76536168502254,2.07266837533552e-05,6.77455496753183e-05,2.70699378455126e-05,5327,"tags=43%, list=24%, signal=33%","5241/8324/2247/2255/2252/83439/2260/3815/5293/5295/6932/8321/2099/53358/2535/11211/7482/4851/51384/8313/2246/7472/1647/6654/2100/1956/5728/4855/28514/2324/6934/7475/7976/51176/80326/2254/89780/10000/5290/26508/1021/8817/2353/1643/7484/1499/324/8600/6655/399694/4040/54567/7476/6667/5925/5594/3725/51426/54361/6464"
"hsa05418","Fluid shear stress and atherosclerosis",137,0.481559012435266,1.77213063570877,2.48750309106012e-05,8.05585863435065e-05,3.21898033995225e-05,4061,"tags=37%, list=19%, signal=30%","858/857/3690/2949/4313/4208/652/9181/5293/5295/2948/2950/7412/3791/4205/2947/4780/596/2946/801/5880/60/7056/1003/7850/59341/5175/6401/4688/1432/1535/10365/653361/6383/3553/1843/3383/6885/10000/1906/5290/859/90/659/4790/2353/7124/4846/6347/1499/3685"
"hsa04145","Phagocytosis",244,0.421727586586241,1.61231982339508,3.22034896303156e-05,0.000103343925813649,4.1294426894376e-05,5144,"tags=39%, list=24%, signal=30%","3690/1780/84329/9902/7096/7099/3678/84617/5293/26052/8417/338382/3111/5295/4353/1508/3673/718/1513/7097/3684/9341/10333/4360/7846/3688/3113/1520/1378/1536/3117/3133/671/3122/5880/4842/1991/60/7057/3689/1759/64581/3115/4069/4057/3123/81631/1080/4688/245972/4074/1535/2219/7277/7058/653361/929/11151/1511/3119/2213/127124/5290/30835/3127/1783/2212/4689/50617/3934/3685/22925/2215/23710/3112/114876/249/23673/3134/3120/3108/9474/3105/10332/6850/5289/2204/8685/643246/23339/79861/8411/2214/1379"
"hsa04924","Renin secretion",68,0.55028451737995,1.87078277373648,3.43652115480058e-05,0.000109287564652667,4.36694011136347e-05,4928,"tags=46%, list=23%, signal=35%","1909/111/3778/5732/775/117/5137/1908/1508/3708/358/2977/2771/801/155/5153/4881/5139/5532/9635/1906/22802/23236/778/116/3709/5330/2983/5593/5734/5533"
"hsa04928","Parathyroid hormone synthesis, secretion and action",110,0.493534980227563,1.77865726603172,3.60113751171126e-05,0.0001135001376459,4.53526716700478e-05,5069,"tags=45%, list=23%, signal=35%","5579/111/2260/4323/4208/4325/109/5141/5144/5578/3708/4205/5745/596/2771/2625/5337/113/5744/860/115/10672/9586/196883/1956/10893/6258/1958/4326/11214/2353/6569/23236/4209/1839/10568/1591/7421/8600/3709/5330/108/408/4040/6667/114/5594/846/6446/65125"
"hsa05217","Basal cell carcinoma",62,0.569088267585586,1.91000815355731,3.67208308846336e-05,0.000114711976126333,4.58369011508235e-05,4036,"tags=44%, list=19%, signal=36%","8324/2736/83439/64399/652/2737/2735/6932/8321/2535/11211/7482/51384/8313/7472/1647/650/6934/7475/7976/51176/80326/89780/1643/7484/1499/324"
"hsa03460","Fanconi anemia pathway",51,-0.486556942672396,-2.08184646694621,4.21860920340355e-05,0.000130628863929952,5.21970113809857e-05,2813,"tags=35%, list=13%, signal=31%","2177/5889/5888/2189/378708/2067/80198/2176/2188/6119/146956/353497/84126/29089/201254/80233/197342/9894"
"hsa04550","Signaling pathways regulating pluripotency of stem cells",136,0.475382327301299,1.74844489148136,4.70657232955376e-05,0.000144471307159346,5.77282098087143e-05,5392,"tags=43%, list=25%, signal=32%","8324/4211/2247/2260/3670/652/4088/3400/5293/5295/2263/3716/3572/6932/3717/8321/2535/11211/7482/51384/3718/8313/7472/6657/3399/84333/1432/6774/7475/7976/7044/4093/80326/89780/4086/10000/3976/5290/90/659/3397/7994/7484/1499/324/9314/657/3398/3624/7476/6498/55183/5594/5978/83729/463/54361/3977"
"hsa04726","Serotonergic synapse",103,0.502081530451952,1.79697069872346,4.90889036048108e-05,0.000149382611831881,5.96906813343434e-05,5006,"tags=37%, list=23%, signal=29%","5579/111/2775/54331/7220/775/5742/55970/5321/3363/5578/3708/3760/4129/2771/3762/6571/2791/10681/5743/3351/3356/2793/2561/1843/3358/23236/778/59345/283748/351/2784/3709/5330/3354/773/5594/240"
"hsa00510","N-Glycan biosynthesis",55,-0.459085739516051,-1.99805006639788,5.37110272531524e-05,0.00016205121897746,6.47528353749206e-05,4635,"tags=53%, list=21%, signal=42%","56052/207063/29880/1798/3703/146664/79644/85365/1650/22845/11253/1603/79868/8704/200185/58505/6184/199857/79053/54344/29929/10195/100128731/8818/7841/746/57171/8703/11282"
"hsa05320","Autoimmune thyroid disease",36,0.641201087171037,1.9673650094035,5.74338334523625e-05,0.000171814772954949,6.86541809332433e-05,4526,"tags=64%, list=21%, signal=51%","958/3111/3113/3117/3133/3122/959/5551/3115/942/355/3123/940/3119/3127/3586/356/3558/3112/3134/3120/3108/3105"
"hsa04750","Inflammatory mediator regulation of TRP channels",97,0.505860437286902,1.79941940343444,6.04401320555406e-05,0.000179288795089125,7.16406695748999e-05,5186,"tags=41%, list=24%, signal=32%","5579/111/5732/818/5336/109/5321/5293/5295/5578/4914/3708/5029/5588/51393/162514/815/801/624/113/115/3269/59341/196883/3356/1432/3553/3358/5290/23236/5581/283748/3709/5330/108/8989/5734/114/4803/817"
"hsa05202","Transcriptional misregulation in cancer",180,0.436989399512056,1.64081386689757,8.67957320089796e-05,0.000255324111659748,0.000102023053414064,5336,"tags=42%, list=24%, signal=32%","4211/4286/2138/6935/7048/894/862/4208/5087/4233/2308/958/1436/4353/2313/2119/64919/3684/2892/4914/7102/861/8842/3560/330/4804/2322/51384/4005/1991/8864/860/3695/5328/1647/7850/942/2120/3087/1848/6258/5966/5914/929/6688/4094/7030/4086/4790/604/8013/7185/5077/1643/4066/2321/597/3569/3486/25942/3398/5371/3576/8900/2530/6667/472/5218/55589/4297/1051/5079/51426/2115/51513"
"hsa04110","Cell cycle",156,-0.311363624752796,-1.62932465985087,8.93773819733995e-05,0.000260745585426529,0.000104189379594915,6011,"tags=46%, list=28%, signal=34%","4173/1029/27085/119504/90381/898/7532/7027/25847/6500/57082/7534/5519/85417/9134/10971/4999/27127/51343/1019/10912/993/4085/890/1022/699/701/1870/151648/5515/4998/9700/1111/7272/3065/11200/7709/5518/10926/1875/246184/25906/55869/9978/9133/9587/8881/9184/5111/5347/81620/51434/990/23594/8318/995/4176/983/9088/9232/9319/991/5001/7531/9212/1869/29882/113130/891/10459/51529/51433"
"hsa04911","Insulin secretion",81,0.517804266595705,1.80274746631337,0.000130586594229278,0.000377844817728976,0.00015098018659813,4339,"tags=37%, list=20%, signal=30%","5579/111/3778/3779/477/775/482/818/6616/117/109/3782/5578/2645/815/481/113/115/9586/196883/11069/486/885/23236/778/6262/480/116/5330/108"
"hsa05207","Chemical carcinogenesis - receptor activation",182,0.434237579932466,1.63179856727109,0.000144460954267789,0.000414591193955526,0.00016566339642177,4916,"tags=36%, list=23%, signal=28%","5241/5579/111/2247/2255/2252/2949/775/6777/85315/109/5293/5295/6776/2948/3717/3839/5578/196/2099/2947/596/2771/2946/155/688/113/115/1139/9586/89832/196883/6654/2100/1956/28514/6258/1137/6774/9641/2254/10000/54852/5290/4790/604/8817/2353/79852/778/405/1545/7421/8600/9314/3840/108/3841/6655/408/54567/1143/114/5925/773/5594"
"hsa04621","NOD-like receptor signaling pathway",161,0.446546638012324,1.66388074923629,0.000145752865605447,0.000414925496441313,0.000165796977853395,6071,"tags=50%, list=28%, signal=37%","3428/2634/2633/7099/84168/3716/84674/6041/1508/22861/340061/834/7128/114548/5027/3708/64127/51393/11035/330/596/115361/1536/9927/140609/7188/63940/3606/7205/118429/6352/81631/1432/1535/114769/7189/115362/3553/9447/9641/6885/222545/9051/10628/2919/4790/4210/23236/10392/7124/2920/6347/3569/3709/23710/837/5330/29108/22900/9474/3576/2921/24145/100506742/5586/55914/5594/846/2635/643246/3725/838/260434/4792/10010/7158/23118/4671/51135/6772/4615"
"hsa04919","Thyroid hormone signaling pathway",119,0.480411523499819,1.74444371184159,0.000151602985286933,0.000428126830450299,0.000171072000239571,6070,"tags=45%, list=28%, signal=33%","5579/5350/3690/6567/477/10231/482/84812/652/2308/5336/5293/5295/113026/1735/5578/2099/51196/4851/1827/1734/5214/481/4624/60/488/8850/5333/4855/7067/486/6258/10000/5290/23236/1499/3685/480/5330/25942/1387/5594/23389/4625/54361/5213/23439/9968/4853/489/476/6548/8202/6772"
"hsa04625","C-type lectin receptor signaling pathway",102,0.492146252486747,1.75979575806239,0.000159054261435615,0.000445604399101365,0.000178055731264598,5745,"tags=48%, list=26%, signal=36%","8844/22808/5336/5293/5295/834/114548/4776/3708/1540/801/4773/9020/6367/64581/5743/4046/1432/4775/5532/1959/3553/9641/3592/10000/5290/6237/30835/5781/3586/4790/1960/7124/1263/3558/3569/3709/2207/26253/29108/10332/6850/5594/5533/3725/338339/4792/23365/5058"
"hsa05167","Kaposi sarcoma-associated herpesvirus infection",176,0.435585840110517,1.63298189038567,0.000165530369650007,0.000460096224302775,0.000183846411380861,4928,"tags=40%, list=23%, signal=31%","2247/54331/83439/7098/5336/55970/5293/5295/3716/3572/718/5294/6932/3717/4776/3708/1827/3055/1234/3133/801/146850/4773/131450/9976/2791/1230/4277/1233/942/355/10681/5743/81631/1432/4775/6934/6774/5532/51176/2793/9641/3383/10000/5290/1021/1232/2919/4790/2353/59345/1237/2784/2920/1499/7538/3569/3709/23533/3134/3105/3576/1387/6850/2921/7132/5289/5925/5594/5533"
"hsa05218","Melanoma",66,0.535863429089003,1.8147049901227,0.000206723094415031,0.000570103533816453,0.000227803409963932,3850,"tags=35%, list=18%, signal=29%","56034/2247/4286/2255/2252/2260/5156/4233/3082/5159/5293/5295/80310/2246/1647/1956/5728/2254/10000/5290/1021/8817/1643"
"hsa04650","Natural killer cell mediated cytotoxicity",103,0.481946857930732,1.72490786758036,0.000217294466596408,0.000594611989988621,0.00023759656078269,5785,"tags=50%, list=27%, signal=37%","5579/5336/5293/5295/3937/5578/53358/7409/3824/962/2534/3683/3133/51744/10451/5880/4773/3689/4277/5551/919/355/3384/6654/5532/3821/3383/5290/5781/356/3932/7124/2215/2207/2185/135250/6655/259197/399694/3105/6850/7305/117157/5594/5533/2214/6464/8795/8797/5058/7535"
"hsa05225","Hepatocellular carcinoma",163,0.435976164112213,1.62592879294975,0.0002391846921797,0.000649478433380264,0.000259520232810363,5327,"tags=40%, list=24%, signal=30%","5579/8324/7048/83439/2949/4233/4088/3082/5336/7042/5293/5295/2948/6932/2950/5578/8321/2947/7043/53358/2535/11211/7482/4780/51384/2946/6604/7046/60/8313/7472/1647/7040/2549/6654/7039/1956/5728/8110/6934/7475/7976/51176/80326/89780/10000/5290/1021/1643/7484/1499/324/3481/6595/6655/399694/4040/7476/5925/5594/57492/2938/51426/54361/6464"
"hsa05171","Coronavirus disease",210,-0.273058409255044,-1.48459070886944,0.000285051916288341,0.00076811699579988,0.000306926129229712,2997,"tags=36%, list=14%, signal=32%","6192/6135/4736/6154/6189/6122/6138/6203/6230/6164/6191/6229/9349/2197/6171/6208/6142/7297/6223/6181/6173/6166/6205/6233/6193/3654/7311/6136/6207/6202/6235/200916/6217/6129/6170/23521/6194/6155/6157/6234/6161/6165/6210/6188/6141/6227/11224/733/6158/3921/6160/25873/9045/6147/6169/6124/6159/6300/6139/6152/6143/6222/6175/6132/6176/6209/6156/6167/6168/6201/6187/6128/6130/6204/51121/6218"
"hsa05417","Lipid and atherosclerosis",197,0.417418075143654,1.57679563918584,0.000287365169288874,0.000768484126961913,0.000307072828426707,6086,"tags=45%, list=28%, signal=33%","818/7099/958/6403/5293/5295/9475/7097/834/3717/5578/114548/3708/7412/10333/5906/338/4780/815/596/7409/1536/5908/801/10451/4773/5452/959/3606/6352/355/6401/4688/1432/4775/1535/19/6258/7189/653361/929/6774/5532/3553/9641/3592/3383/6885/10000/5290/1548/2919/4790/3306/2353/4689/23236/356/7124/23643/2920/4846/6347/3569/57534/5330/30001/29108/3576/2921/7132/317/5594/5533/817/3725/22926/4973/5468/4792/10010/8795/8797/23118/948/51135/3593/4615/4067"
"hsa04923","Regulation of lipolysis in adipocytes",55,0.554644187777488,1.82868736048755,0.000318137364644334,0.000844379621950752,0.000337399342005071,3443,"tags=40%, list=16%, signal=34%","111/5592/5742/109/5293/5295/5733/3991/2771/3667/11343/155/50486/113/115/4881/196883/5743/4886/63924/10000/5290"
"hsa04070","Phosphatidylinositol signaling system",96,0.481995288439221,1.71246101865632,0.000328382061582583,0.000859232698710461,0.00034333437193142,3804,"tags=34%, list=17%, signal=28%","5579/3635/84812/1608/117283/5336/5293/55613/5295/113026/5288/22876/5578/160851/3708/51196/3633/8760/8395/801/5305/5728/3628/5333/4534/9162/5287/9108/23396/5290/8867/23236/1606"
"hsa01200","Carbon metabolism",110,-0.330367767354777,-1.63959361145952,0.000328601740300035,0.000859232698710461,0.00034333437193142,6319,"tags=47%, list=29%, signal=34%","8789/2027/5723/83440/84706/4329/5313/6391/4190/38/4594/226/5162/5631/26275/2203/3418/2597/1431/5091/3420/84693/2653/29968/6389/2805/2875/2539/113675/275/7167/84532/8802/2023/5211/5226/3421/5160/5096/1892/22934/7086/132158/25796/6390/2271/6472/6888/4191/2821/26007/283871"
"hsa04668","TNF signaling pathway",116,0.465580387411176,1.68683919518934,0.000343178259657251,0.00089074945337507,0.000355927916362783,5725,"tags=49%, list=26%, signal=36%","4323/6376/1435/5293/5295/7128/7412/64127/11035/7133/330/1540/153090/3600/197259/8809/7188/6372/9020/1326/6352/9021/9586/355/6401/5743/1432/8837/6374/3553/3383/6885/10000/1906/3976/5290/843/2919/4790/2353/7124/7185/6364/2920/6347/3569/2921/7132/9530/5594/1051/3725/79651/4792/7424/64764/23118"
"hsa04392","Hippo signaling pathway - multiple species",28,0.649907901083006,1.90031760241997,0.000390960982093987,0.00100736661809619,0.000402526097584282,3381,"tags=50%, list=16%, signal=42%","122786/79633/54798/8642/25937/7003/10413/84962/9770/83937/55233/7005/8463/26524"
"hsa04730","Long-term depression",57,0.546072703709621,1.81009875984504,0.000422133886797763,0.00106619775210785,0.000426033990703598,4916,"tags=42%, list=23%, signal=33%","5579/2775/5592/2781/5321/5578/2892/3708/2977/2771/4842/10672/2891/2890/5516/6261/23236/283748/3709/5330/2983/5593/773/5594"
"hsa04935","Growth hormone synthesis, secretion and action",113,0.462790701410015,1.67227289219514,0.000419305243465827,0.00106619775210785,0.000426033990703598,4566,"tags=35%, list=21%, signal=28%","5579/111/775/6777/5336/109/112609/5293/5295/6776/6752/3717/5578/3708/53358/2771/3667/113/9021/4214/115/9586/196883/6654/1432/6774/10000/5290/6753/8651/2353/23236/778/3709/5330/108/3486/6655/399694/1387"
"hsa04120","Ubiquitin mediated proteolysis",140,-0.307043096657303,-1.57548158672655,0.000422854632564019,0.00106619775210785,0.000426033990703598,3662,"tags=30%, list=17%, signal=25%","7329/26272/54926/64326/9616/7325/7322/65264/23295/7314/23327/246184/25906/378884/7317/997/9978/6233/7334/63893/84447/7311/8881/10273/51588/51434/6923/55585/9817/991/29882/10477/9820/11065/51529/9040/27339/6921/118424/27338/7428/51433"
"hsa04961","Endocrine and other factor-regulated calcium reabsorption",51,0.557380583920733,1.81686971907492,0.000487950014876525,0.001221605356393,0.000488132153739861,4335,"tags=39%, list=20%, signal=31%","6546/493/5579/477/482/26052/5578/5745/2099/624/481/1759/115/6543/486/23236/6547/480/7421/5330"
"hsa05221","Acute myeloid leukemia",64,0.522665606957738,1.76286679149602,0.000599444361188283,0.00149016802464411,0.00059544510303358,4916,"tags=47%, list=23%, signal=36%","83439/862/6777/3815/5293/5295/1436/4353/6776/6932/3684/861/2322/8864/6654/1848/5914/929/6934/6774/6688/51176/10000/5290/4790/597/6655/5371/8900/5594"
"hsa04660","T cell receptor signaling pathway",119,0.449644100032026,1.63272274810001,0.000673998630605957,0.00166378682939792,0.00066482014354949,5329,"tags=43%, list=24%, signal=33%","5063/5293/5295/5521/57144/3937/5788/5588/9402/7409/917/84433/916/2534/920/3702/925/10451/4773/9020/959/1326/919/6654/1432/4775/940/5516/5532/10125/6885/10000/915/5290/5781/3586/4790/2353/3932/7124/3558/5523/29851/6655/5594/5533/5133/3725/5527/926/5529"
"hsa05231","Choline metabolism in cancer",98,0.47101121335789,1.67755338464787,0.000709599240182967,0.00173950369294852,0.000695075279126591,3816,"tags=31%, list=18%, signal=25%","56034/5579/9468/8613/5156/1608/5159/5321/5293/5295/80310/5578/160851/8395/5880/5337/6582/6581/60482/6654/1956/7454/9162/23396/10000/5290/2353/6583/1606/283748"
"hsa04960","Aldosterone-regulated sodium reabsorption",36,0.596729810880633,1.83091603162141,0.00072823152740285,0.00177286709774625,0.000708406712682264,5056,"tags=44%, list=23%, signal=34%","5579/477/482/5293/5295/5578/3667/481/4306/486/6337/5290/480/3758/5594/6446"
"hsa03430","Mismatch repair",23,-0.582842468588681,-2.03294712938821,0.000741926666406342,0.00178847552980421,0.000714643569386504,5734,"tags=61%, list=26%, signal=45%","4436/5424/5983/4292/57804/9156/5985/3978/5111/6119/5984/5982/6742/5425"
"hsa04915","Estrogen signaling pathway",125,0.446085720308299,1.62774559052392,0.00074477592884198,0.00178847552980421,0.000714643569386504,5327,"tags=42%, list=24%, signal=32%","5241/111/2775/4313/109/5293/5295/3708/3760/2099/53358/596/2771/3857/25984/3762/801/113/115/9586/196883/6654/7039/2100/1956/5914/3866/10000/3861/5290/2353/5443/23236/125115/1839/4846/3709/5330/108/6655/399694/3882/3860/3872/342574/6667/114/3868/5594/3725/192666/6464"
"hsa05143","African trypanosomiasis",35,0.599071580326086,1.82942264044404,0.000793980868841922,0.00189375166689999,0.000756710074145217,4335,"tags=49%, list=20%, signal=39%","5579/3910/5578/7412/8542/3606/355/6401/3553/3592/3383/3586/23236/356/7124/3569/5330"
"hsa03273","Virion - Lassa virus and SFTS virus",15,0.733600474615125,1.87060650380186,0.000799725808294299,0.00189465241830797,0.000757069998667863,351,"tags=27%, list=2%, signal=26%","4629/5099/8828/5101"
"hsa04662","B cell receptor signaling pathway",81,0.485555211993025,1.69047164082008,0.00100652001297292,0.00236867709719628,0.000946481977111382,5708,"tags=52%, list=26%, signal=38%","5579/3635/5336/5293/5295/27071/11024/7409/84433/10451/5880/4773/695/933/10859/6654/11027/4775/10288/2213/5532/8519/25780/640/10000/5290/974/4790/2353/930/1380/973/971/6655/6850/5594/5533/3725/353514/4792/11006/23547"
"hsa04912","GnRH signaling pathway",92,0.471576919919319,1.66677557636532,0.00113371197111786,0.00265033328347421,0.00105902686740881,5191,"tags=40%, list=24%, signal=31%","5579/111/775/4313/4323/818/109/5321/5578/3708/815/4215/801/5337/113/4214/115/196883/6654/1956/1432/1958/23236/778/283748/1839/3709/2185/5330/108/6655/5598/114/5594/10746/817/3725"
"hsa05222","Small cell lung cancer",92,0.469915470728938,1.66090323016913,0.00121076035750451,0.00281183161973088,0.00112355878050973,4061,"tags=37%, list=19%, signal=30%","1288/1286/3910/5915/1284/3908/5293/5295/1285/3673/1282/330/3688/3912/596/2335/3675/7188/3914/1287/1647/1030/5743/5728/6258/7189/3913/10000/5290/1021/4790/7185/1643/3685"
"hsa05166","Human T-cell leukemia virus 1 infection",215,0.394295139269691,1.49717706419796,0.00128723795513056,0.00296990194876528,0.00118672092182659,4928,"tags=40%, list=23%, signal=31%","111/7048/894/7094/6777/4088/958/109/7042/5293/3111/5295/3716/6776/4776/2113/2114/7043/3560/3113/64784/917/3600/3117/916/3683/3133/4215/920/3122/4773/7046/9020/3718/6722/113/3689/4214/115/7040/3115/7850/9586/1030/196883/8850/3123/5728/4775/3601/3119/6688/5532/1959/1958/567/3383/10000/915/5290/3127/4790/2353/3932/7124/3558/7538/4316/3569/3559/3561/3112/3134/108/3120/3108/3105/1387/7132/8900/114/472/5925/4488/5594/5533"
"hsa04934","Cushing syndrome",146,0.422327516403485,1.56264280696367,0.00135170534919055,0.00309838953418353,0.0012380623157316,5680,"tags=43%, list=26%, signal=32%","8324/111/83439/775/818/5087/109/6932/196/3708/8321/1583/5906/2535/11211/3776/7482/815/51384/2771/5908/8912/8313/113/7472/115/9586/1030/196883/1956/6934/7475/7976/51176/80326/89780/3777/1021/5443/23236/778/405/7484/1499/324/3709/5330/108/5151/7476/6667/114/5925/5594/1589/4297/817/50940/54361/57552/1395/64764/3164"
"hsa00982","Drug metabolism - cytochrome P450",59,0.515126283626857,1.71623026914549,0.00140008633865755,0.00316814408683407,0.00126593501606013,3544,"tags=31%, list=16%, signal=26%","316/2949/2948/2327/2950/2947/4129/2946/221/2329/218/125/1577/128/2328/2326/1548/27306"
"hsa04728","Dopaminergic synapse",129,0.433557369154297,1.58665764246247,0.00139938723801245,0.00316814408683407,0.00126593501606013,4547,"tags=34%, list=21%, signal=27%","5579/111/2775/2774/54331/775/1812/818/55970/5521/5578/2892/3708/3760/1816/815/4129/2903/2771/3762/801/6571/2791/9586/2891/10681/1432/2890/5516/5532/2793/10000/1813/2353/23236/59345/2784/406/5523/3798/3709/5330/2893/408"
"hsa01232","Nucleotide metabolism",83,-0.346362525672315,-1.63793587218075,0.00202937765751836,0.00456286823633109,0.00182324241439799,3324,"tags=33%, list=15%, signal=28%","5169/3614/102157402/2987/6241/79077/115024/353/1854/4831/124583/955/7371/158/4833/3704/3615/83549/3251/204/56953/1716/4830/1841/7083/4832/54963"
"hsa00513","Various types of N-glycan biosynthesis",43,-0.43521542439705,-1.78606089920478,0.00216750958706164,0.00484260053311872,0.00193501855207368,3605,"tags=42%, list=17%, signal=35%","85365/1650/6487/11253/1603/284004/79868/8704/200185/58505/6184/199857/10195/100128731/338707/746/8703/11282"
"hsa04340","Hedgehog signaling pathway",53,0.517537025356481,1.69709343628414,0.00238013475588817,0.00528419854609134,0.00211147340144995,4610,"tags=36%, list=21%, signal=28%","91653/2736/23432/894/132884/64399/2737/2619/2735/596/8405/2121/50846/57467/55733/4036/408/8643/57154"
"hsa05215","Prostate cancer",103,0.444189408547869,1.58977238442793,0.0027161808324551,0.00599257396160407,0.00239452783913805,3652,"tags=30%, list=17%, signal=25%","56034/6935/6716/83439/2260/5156/2308/5159/5293/5295/2263/80310/6932/2950/2119/596/5328/7850/9586/3645/6654/7039/1956/5728/6934/2348/51176/10000/5290/2350/4790"
"hsa05135","Yersinia infection",135,0.418298212366117,1.53746860142278,0.00284942378319051,0.00624749438177795,0.00249638958448858,5228,"tags=41%, list=24%, signal=32%","7456/644150/7099/3678/5293/5295/9475/3937/834/9844/114548/2533/3688/64283/2335/8395/7409/920/925/10451/5880/4773/3676/60/3606/1793/1432/4775/7189/7454/3553/23396/6885/10000/5290/3586/4790/2353/9815/2212/4210/3932/7124/3558/6347/6093/3569/2185/10109/29108/3576/5586/5594/3725/926/10163"
"hsa04940","Type I diabetes mellitus",39,0.554321532199295,1.72709408673778,0.00292481007324418,0.00633409788868219,0.00253099483251353,6751,"tags=77%, list=31%, signal=53%","3111/3113/3117/3133/3122/5551/3115/942/355/3123/940/3119/3553/3592/3127/356/7124/3558/3112/3134/3120/3108/3105/3552/3593/3106/4049/941/3458/3002"
"hsa04664","Fc epsilon RI signaling pathway",65,0.487580918629524,1.64811758817016,0.00292168951872642,0.00633409788868219,0.00253099483251353,5006,"tags=42%, list=23%, signal=32%","3635/5336/9846/5321/2205/5293/5295/3937/5578/2206/7409/241/2534/10451/5880/695/6654/1432/10000/5290/7124/283748/2207/6655/6850/5594/240"
"hsa04012","ErbB signaling pathway",84,0.460259883862886,1.60943450725943,0.0030742840593916,0.00661720898149534,0.00264412107803899,5411,"tags=37%, list=25%, signal=28%","5579/5063/818/9542/6777/5336/3084/5293/5295/6776/57144/5578/53358/815/2549/6654/7039/1956/867/10000/5290/2069/1839/2066/6655/399694/5594/817/3725/6464/374"
"hsa05214","Glioma",75,0.470275127680748,1.62116422971784,0.00316030654973532,0.00676114067913072,0.00270163366931122,5327,"tags=40%, list=24%, signal=30%","5579/814/5156/818/57172/5336/5159/5293/5295/5578/57118/53358/815/801/1647/6654/7039/1956/5728/10000/5290/1021/1643/6655/399694/5925/5594/817/51426/6464"
"hsa05164","Influenza A",152,0.406545357901251,1.50864858924006,0.0032602902912317,0.00693302694460717,0.00277031641740677,6071,"tags=45%, list=28%, signal=33%","5579/90865/7098/7099/5293/3111/5295/3716/6041/834/3717/5578/114548/3113/3117/51284/3122/60/3606/4261/6352/9021/3115/355/3123/3119/4599/7177/3553/9641/3592/3383/10000/5290/3127/1021/4790/356/7124/4600/6347/3569/3112/3841/3120/3108/29108/91543/5371/3576/1387/7132/317/5594/64499/642843/23633/3552/10241/4792/5340/8795/8797/23586/896/51135/3593/6772/4615"
"hsa05162","Measles",120,0.424731645981216,1.54374199467064,0.00348298040556422,0.00736222804289922,0.00294181767630385,4201,"tags=34%, list=19%, signal=28%","51209/4478/894/6777/7099/5293/5295/3716/6776/7097/7128/3560/596/917/916/51284/3718/6504/355/940/7189/6774/2213/4599/3553/9641/3592/6885/10000/915/5290/30835/1021/4790/2353/356/4600/3558/3569/3559/3561"
"hsa04918","Thyroid hormone synthesis",72,0.470631005807773,1.61404083643728,0.00392223544748626,0.00819259830155413,0.00327361912153945,4843,"tags=39%, list=22%, signal=30%","5579/111/477/482/109/493869/2878/5578/3708/2882/481/113/53905/115/9586/196883/2877/486/50506/23236/480/3709/4036/5330/108/405753/433/114"
"hsa05100","Bacterial invasion of epithelial cells",77,0.463953255787765,1.60518270163637,0.00390238416554206,0.00819259830155413,0.00327361912153945,3692,"tags=31%, list=17%, signal=26%","7414/858/857/79658/4233/3678/5293/26052/5295/9844/53358/3688/2335/3059/60/1759/3611/1793/2549/867/5290/859/55752/29119"
"hsa00900","Terpenoid backbone biosynthesis",22,-0.538389309254109,-1.85400955827534,0.0040367536811349,0.00838220029082718,0.00334938076329459,5762,"tags=59%, list=26%, signal=44%","2339/38/4597/57107/9453/10269/2224/4598/10654/78991/2342/23590/9986"
"hsa04936","Alcoholic liver disease",127,0.417954678974985,1.52757935774147,0.00414087468014398,0.00854812141573581,0.00341567994545579,6425,"tags=47%, list=29%, signal=34%","83439/10891/32/2308/7099/23175/718/6932/126129/219/9020/719/125/355/79966/1432/128/7189/929/6934/51176/714/3553/9641/3592/6885/10000/5565/2919/4790/53632/356/7124/23643/713/2920/1499/712/3569/23765/3576/217/721/2921/7132/728/224/720/5465/4792/23411/23118/126/51135/3593/130/4615/3605/124/8737"
"hsa04740","Olfactory transduction",104,0.435312627480485,1.55969660974234,0.00417819740626187,0.00857502142099093,0.00342642871749749,4830,"tags=23%, list=22%, signal=18%","6546/5592/2774/818/5137/109/5138/815/801/26664/5153/6543/123041/390072/26659/390093/338755/6547/81472/5997/408/127623/4995/5593"
"hsa04973","Carbohydrate digestion and absorption",40,0.539104996954148,1.68766799573568,0.00467918564885119,0.00954770250892758,0.00381509508333471,4335,"tags=38%, list=20%, signal=30%","5579/477/482/5293/5295/6518/481/486/10000/5290/23236/93432/3098/480/5330"
"hsa04620","Toll-like receptor signaling pathway",90,0.446367479295875,1.57375485796106,0.00481140612240394,0.00976107104142868,0.00390035342046054,6425,"tags=48%, list=29%, signal=34%","7096/7098/7099/958/5293/5295/3716/1513/7097/10333/51284/1326/51311/6352/942/7100/1432/7189/929/3553/9641/3592/6885/10000/5290/4790/2353/7124/23643/6351/3569/3576/5594/3725/4792/23118/51135/3593/6772/4615/4283/941/8737"
"hsa05161","Hepatitis B",147,0.401682970724936,1.48702338645446,0.00494282243538726,0.00997037896966687,0.00398398921107905,4916,"tags=37%, list=23%, signal=29%","5579/7048/6777/4088/7098/7099/7042/5293/5295/3716/6776/7097/3717/5578/4776/7043/3339/596/4773/7046/3718/4214/7040/9586/355/6654/1432/4775/6775/7189/6774/6778/1959/9641/6885/10000/5290/843/4790/2353/356/1960/7124/1643/3569/2185/6655/3576/1387/100506742/8900/317/5925/5594"
"hsa05340","Primary immunodeficiency",35,0.551888239959184,1.68533590030523,0.00560827756562945,0.0112219619133907,0.00448409988487954,6962,"tags=77%, list=32%, signal=53%","958/5788/3575/916/920/925/695/959/3718/5896/4261/915/100/3932/930/23495/973/3561/29851/926/115650/7535/6890/5993/326/6891/57379"
"hsa05235","PD-L1 expression and PD-1 checkpoint pathway in cancer",87,0.444083371532691,1.5597053050414,0.00562687608688428,0.0112219619133907,0.00448409988487954,3780,"tags=36%, list=17%, signal=30%","7099/5293/5295/3716/7097/3717/5588/917/916/4215/920/4773/29126/116071/919/1956/5728/1432/4775/940/7189/6774/5532/10125/10000/915/5290/5781/4790/2353/3932"
"hsa04917","Prolactin signaling pathway",66,0.46881663178896,1.58765057471133,0.00656920055585543,0.0130276842484099,0.00520563497625445,4486,"tags=38%, list=21%, signal=30%","894/6777/5293/5295/6776/3717/2099/2645/53358/9021/9655/6654/2100/1432/6774/10000/5290/8651/4790/2353/8600/1154/6655/399694/9306"
"hsa00512","Mucin type O-glycan biosynthesis",35,0.545177060940788,1.66484154997461,0.00708281346490731,0.0139677829782809,0.00558128200116189,4505,"tags=46%, list=21%, signal=36%","51301/10610/256435/11227/27090/6483/9334/50614/11226/10331/114805/117248/728819/6482/79623/64409"
"hsa04666","Fc gamma R-mediated phagosome formation",96,0.430316945508706,1.52885518287351,0.00742143459176637,0.0145542578382974,0.00581562710699821,3816,"tags=31%, list=18%, signal=26%","5579/1073/8613/3635/273/2934/5336/9846/5321/50807/5293/5295/5578/5788/8395/7409/3055/10451/5880/5337/1793/653361/7454/2213/23396/10000/5290/2212/5581/283748"
"hsa04382","Cornified envelope formation",167,0.38617052132188,1.44279959389851,0.00764824308337311,0.01491618678691,0.0059602475904158,5587,"tags=38%, list=26%, signal=29%","1288/1286/5010/667/1284/5521/1285/1282/3691/11240/1308/140576/6277/3857/25984/55304/6276/3914/6275/1287/6274/10686/57402/3852/5516/3866/5318/9071/3851/3861/2531/149461/9076/7051/3892/79852/125115/204219/1830/5523/6280/51702/51208/3882/3860/3872/342574/7122/144501/3855/3853/6279/3868/5493/3909/9333/5527/192666/126410/121391/5529/285848/6283/3848"
"hsa04530","Tight junction",166,0.385588787588938,1.44015976374635,0.00813826750402242,0.0157846616973622,0.00630727498865821,3747,"tags=26%, list=17%, signal=22%","4629/83700/87/4478/11346/58494/5010/10398/51421/9181/5521/9475/11149/154796/861/7846/5906/3688/913/911/4734/7074/8777/3059/60/912/4214/84552/81/1080/10686/4627/7277/5516/7454/909/9071/5565/149461/910/9076/53632/5581"
"hsa03440","Homologous recombination",41,-0.400746713139225,-1.62804332598924,0.00841913341913342,0.0162401863221535,0.00648929466875973,7183,"tags=54%, list=33%, signal=36%","6118/79184/5893/29935/7517/641/7156/5424/9577/57804/7516/8438/29086/5889/5888/80198/6119/25788/7979/146956/6742/5425"
"hsa00785","Lipoic acid metabolism",18,-0.546726411061568,-1.77025881469563,0.00868451025056948,0.0165709844240596,0.00662147580982253,7690,"tags=61%, list=35%, signal=40%","11019/55526/2731/116285/5162/2653/51601/593/275/387787/5160"
"hsa04976","Bile secretion",80,0.443539075473896,1.5420604943286,0.00865214568735869,0.0165709844240596,0.00662147580982253,2892,"tags=20%, list=13%, signal=17%","111/477/123264/482/5243/9429/109/358/481/113/5244/115/196883/8714/1080/486"
"hsa00630","Glyoxylate and dicarboxylate metabolism",30,-0.452001184359095,-1.6931512687153,0.00880132243220301,0.0167035850460627,0.0066744607012745,5322,"tags=50%, list=24%, signal=38%","4190/38/4594/1431/84693/2653/275/84532/5096/132158/9380/6472/125061/4191/283871"
"hsa05170","Human immunodeficiency virus 1 infection",196,0.372318921419263,1.40602862967962,0.00925897412209117,0.0174781704015946,0.00698397147402318,3904,"tags=29%, list=18%, signal=24%","5579/5063/2775/54331/27350/1073/5336/7099/55970/60489/5293/5295/57144/340061/7097/5578/4776/3708/140564/7133/596/2771/917/25939/916/1234/3133/920/801/5880/4773/7188/2791/7852/919/355/10681/1432/4775/115004/7189/5532/567/2793/6885/10000/915/684/5290/4790/2353/356/59345/7124/200316/2784"
"hsa00020","Citrate cycle (TCA cycle)",29,-0.455317530605577,-1.69400919227286,0.00934579439252336,0.0175482203221316,0.00701196219819782,5538,"tags=52%, list=25%, signal=39%","6391/47/4190/5162/3418/1431/5091/3420/6389/8802/3421/5160/6390/2271/4191"
"hsa05223","Non-small cell lung cancer",72,0.450621429299088,1.54541749202034,0.00956753386612254,0.0178695209245569,0.00714034830443008,4113,"tags=33%, list=19%, signal=27%","5579/5915/6777/4233/3082/5336/5293/5295/6776/83593/5578/3718/1647/6654/7039/1956/6258/6774/10000/5290/1021/1643/3798/6789"
"hsa04929","GnRH secretion",63,0.461362307436171,1.55214732953117,0.0105381140011324,0.019578706538946,0.00782330900915091,4547,"tags=32%, list=21%, signal=25%","5579/7223/7220/775/5293/5295/3782/5578/3708/3760/3762/8912/2100/10000/5290/23236/778/3709/5330/408"
"hsa04978","Mineral absorption",58,0.469483744283611,1.56086676178686,0.0113352186411761,0.020949383143116,0.00837100742858965,4161,"tags=31%, list=19%, signal=25%","6546/493/9843/477/482/30061/481/140803/6543/79901/486/115019/6569/6547/10568/7018/480/7421"
"hsa04068","FoxO signaling pathway",126,0.396472621892785,1.44785631527404,0.0127760889436874,0.0234893718600086,0.0093859425353844,5128,"tags=37%, list=24%, signal=29%","7048/894/2308/6517/4088/7042/5293/5295/1901/3575/7043/114907/3667/4303/7046/5896/1647/7040/1030/6654/1956/5728/1432/10365/6774/10000/5565/5290/3586/604/11067/53632/356/1263/6789/3569/23710/10769/116986/6655/8698/1387/472/5594/5105/6446/847"
"hsa00240","Pyrimidine metabolism",57,-0.34401266571504,-1.50953864822583,0.0129746620474153,0.0237308585634072,0.00948243640225604,2548,"tags=32%, list=12%, signal=28%","6241/79077/318/115024/7372/1854/4831/124583/955/7371/4833/83549/56953/4830/1841/7083/4832/54963"
"hsa00532","Glycosaminoglycan biosynthesis - chondroitin sulfate / dermatan sulfate",21,0.591077410704874,1.62601718438102,0.0140741547340339,0.0254778288262254,0.0101804951922296,668,"tags=24%, list=3%, signal=23%","29940/9469/50515/51363/10090"
"hsa05017","Spinocerebellar ataxia",137,-0.261590645712375,-1.3404114298353,0.0140077821011673,0.0254778288262254,0.0101804951922296,4494,"tags=35%, list=21%, signal=28%","60673/115209/7417/23130/5702/4800/26100/8408/10105/5687/5694/5715/25814/5690/5701/2902/5717/5714/292/7416/5705/5691/5685/54205/5331/208/5710/7979/7186/5688/10213/5709/293/5682/11047/5689/56652/9861/5686/5692/5706/5695/5704/10528/6712/5693/5684/5719"
"hsa00562","Inositol phosphate metabolism",77,0.434079250553138,1.50182479686255,0.014484930274404,0.0260876550350235,0.010424171088991,3745,"tags=31%, list=17%, signal=26%","3635/84812/117283/5336/5293/55613/113026/5288/5294/22876/51196/3633/8395/5305/5728/3628/5333/4534/5287/9108/23396/5290/8867/23236"
"hsa00130","Ubiquinone and other terpenoid-quinone biosynthesis",12,-0.608738357489936,-1.73419629476974,0.0158084496625682,0.0283268158928252,0.0113189006400435,4718,"tags=67%, list=22%, signal=52%","51805/79001/27235/154807/10229/84274/51117/51004"
"hsa04927","Cortisol synthesis and secretion",59,0.458023019618591,1.5259810947722,0.0163343406176714,0.0291213244345354,0.0116363723698457,5680,"tags=44%, list=26%, signal=33%","111/775/5087/109/3708/1583/3776/8912/113/115/9586/196883/3777/5443/23236/778/3709/5330/108/5151/6667/114/1589/57552/64764/3164"
"hsa05031","Amphetamine addiction",67,0.438613028348811,1.48844424142939,0.0205312209828849,0.0364197035525547,0.0145526771314815,3165,"tags=25%, list=15%, signal=22%","5579/111/775/814/1812/818/5578/2892/815/4129/2903/801/6571/9586/2891/2890/5532"
"hsa05033","Nicotine addiction",34,0.510492429911882,1.54995582075488,0.0221045564521237,0.0390145421379983,0.0155895292872872,6096,"tags=53%, list=28%, signal=38%","2892/2903/55879/1139/89832/2891/2564/2556/2890/1137/2561/2568/57030/2893/773/2904/8973/2554"
"hsa05230","Central carbon metabolism in cancer",68,0.432184811559637,1.46928338886566,0.0238959017612928,0.0419461969810243,0.0167609673340011,4057,"tags=31%, list=19%, signal=25%","2260/5156/4916/4233/3815/5159/5293/5295/2263/4914/2645/2322/5214/1956/5728/57103/160287/10000/5290/9123/3098"
"hsa04066","HIF-1 signaling pathway",106,0.394878344896047,1.4174356329221,0.0240032062044389,0.0419461969810243,0.0167609673340011,4125,"tags=30%, list=19%, signal=25%","284/5579/818/5336/7099/5293/5209/5295/7010/2034/5578/815/596/1536/5214/2026/1956/7076/3570/6774/160287/10000/1906/5290/112399/4790/405/2321/7018/4846/3098/3569"
"hsa04722","Neurotrophin signaling pathway",119,0.384714634280896,1.39695446881802,0.0263501369394043,0.04582068147591,0.0183091436343281,5327,"tags=38%, list=24%, signal=29%","11213/814/4915/818/4916/5336/627/5293/5295/4914/5906/53358/4804/815/4908/596/10019/3667/5908/4215/801/4214/2549/6654/6272/1432/7189/3656/10000/5290/5781/4790/4909/356/2889/6655/5598/399694/57498/5594/4803/817/3725/7161/6464"
"hsa02010","ABC transporters",45,0.469845814101538,1.50039872201905,0.0266330317510369,0.0460855892554708,0.0184149961539678,3206,"tags=27%, list=15%, signal=23%","10060/10351/225/5243/9429/23460/64137/5244/8714/1080/19/10350"
"hsa03320","PPAR signaling pathway",72,0.423175919138315,1.45129242667258,0.027206257439211,0.0468478481758121,0.0187195814986099,6189,"tags=35%, list=28%, signal=25%","10580/2182/8309/1593/2170/729359/126129/4199/5360/28965/3611/79966/6258/123/2173/5105/23305/5465/4973/5468/2167/948/364/1962/51703"
"hsa00604","Glycosphingolipid biosynthesis - ganglio series",15,0.614126573897156,1.56596022363845,0.0291185879127156,0.0498973860834399,0.0199381235580168,2392,"tags=40%, list=11%, signal=36%","2583/6489/256435/27090/6483/8869"
